tool		Theta 6.16.1	Theta 6.16.1	Theta 6.16.1	Theta 6.16.1	Theta 6.16.1	Theta 6.16.1	Theta 6.16.1	Theta 6.16.1	Theta 6.16.1	Theta 6.16.1	Theta 6.16.1	Theta 6.16.1
run set		SV-COMP25_termination.Termination-BitVectors	SV-COMP25_termination.Termination-BitVectors	SV-COMP25_termination.Termination-BitVectors	SV-COMP25_termination.Termination-BitVectors	SV-COMP25_termination.Termination-MainControlFlow	SV-COMP25_termination.Termination-MainControlFlow	SV-COMP25_termination.Termination-MainControlFlow	SV-COMP25_termination.Termination-MainControlFlow	SV-COMP25_termination.Termination-MainHeap	SV-COMP25_termination.Termination-MainHeap	SV-COMP25_termination.Termination-MainHeap	SV-COMP25_termination.Termination-MainHeap
../sv-benchmarks/c/		status	cputime (s)	walltime (s)	memory (MB)	status	cputime (s)	walltime (s)	memory (MB)	status	cputime (s)	walltime (s)	memory (MB)
termination-dietlibc/atoi.yml	true									ERROR (generic error, before parsing finished)	0.175473	0.17948196200006805	23.728128
termination-dietlibc/atol.yml	true									ERROR (generic error, before parsing finished)	0.17784	0.17885638999996445	23.818240
termination-dietlibc/atoll-2.yml	true									ERROR (generic error, before parsing finished)	0.178335	0.1826805760000525	23.969792
termination-dietlibc/basename-3.yml	true									ERROR (generic error, before parsing finished)	0.175868	0.17663498299998537	23.736320
termination-dietlibc/skip_to.yml	true									ERROR (generic error, before parsing finished)	0.178552	0.17944360600006348	23.736320
termination-dietlibc/stpcpy.yml	true									ERROR (generic error, before parsing finished)	0.178116	0.17901889299992035	23.867392
termination-dietlibc/strchr-1.yml	true									ERROR (generic error, before parsing finished)	0.178985	0.1829924989999654	23.826432
termination-dietlibc/strchr_short.yml	true									ERROR (generic error, before parsing finished)	0.175192	0.18072390199995425	23.863296
termination-dietlibc/strcmp_short.yml	true									ERROR (generic error, before parsing finished)	0.175058	0.19245987900001182	23.781376
termination-dietlibc/strcpy_small.yml	true									ERROR (generic error, before parsing finished)	0.175001	0.18927857400001358	23.695360
termination-dietlibc/strcspn.yml	true									ERROR (generic error, before parsing finished)	0.178862	0.18002977100002227	23.760896
termination-dietlibc/strdup.yml	true									ERROR (generic error, before parsing finished)	0.178468	0.18131309999989753	23.863296
termination-dietlibc/strlen.yml	true									ERROR (generic error, before parsing finished)	0.176247	0.18972101600002134	23.977984
termination-dietlibc/strpbrk.yml	true									ERROR (generic error, before parsing finished)	0.177206	0.18357829199999287	23.986176
termination-dietlibc/strrchr.yml	true									ERROR (generic error, before parsing finished)	0.1797	0.18065329599994584	23.801856
termination-dietlibc/strrchr_short.yml	true									ERROR (generic error, before parsing finished)	0.176507	0.17715466600009222	24.035328
termination-dietlibc/strspn.yml	true									ERROR (generic error, before parsing finished)	0.179459	0.18377932099997452	23.932928
termination-dietlibc/strstr.yml	true									ERROR (generic error, before parsing finished)	0.177248	0.1865913310000451	23.670784
termination-dietlibc/wcsrchr.yml	true									ERROR (generic error, before parsing finished)	0.178353	0.18674516500004756	23.728128
termination-memory-alloca/Avery-2006FLOPS-Tabel1_true-alloca.yml	true									ERROR (generic error, before parsing finished)	0.174963	0.19207454100001087	23.719936
termination-memory-alloca/BrockschmidtCookFuhs-2013CAV-Fig1-alloca-2.yml	true									ERROR (generic error, before parsing finished)	0.175277	0.18474665799999457	23.990272
termination-memory-alloca/BrockschmidtCookFuhs-2013CAV-Introduction-alloca-2.yml	true									ERROR (generic error, before parsing finished)	0.177298	0.18639092199998686	23.896064
termination-memory-alloca/CookSeeZuleger-2013TACAS-Fig3-alloca-2.yml	true									ERROR (generic error, before parsing finished)	0.178241	0.1862202710000247	23.695360
termination-memory-alloca/CookSeeZuleger-2013TACAS-Fig7a-alloca-2.yml	true									ERROR (generic error, before parsing finished)	0.176265	0.17718968700000914	23.838720
termination-memory-alloca/CookSeeZuleger-2013TACAS-Fig7b-alloca-2.yml	true									ERROR (generic error, before parsing finished)	0.1776	0.18337020600006326	23.703552
termination-memory-alloca/GulwaniJainKoskinen-2009PLDI-Fig1-alloca-2.yml	true									ERROR (generic error, before parsing finished)	0.178968	0.18417385600002945	23.863296
termination-memory-alloca/HarrisLalNoriRajamani-2010SAS-Fig1-alloca.yml	true									ERROR (generic error, before parsing finished)	0.177762	0.19089583100003438	23.986176
termination-memory-alloca/HarrisLalNoriRajamani-2010SAS-Fig3-alloca.yml	true									ERROR (generic error, before parsing finished)	0.17962	0.18003052199992453	23.764992
termination-memory-alloca/KroeningSharyginaTsitovichWintersteiger-2010CAV-Fig1-alloca.yml	true									ERROR (generic error, before parsing finished)	0.179162	0.1876143829999819	23.744512
termination-memory-alloca/Masse-alloca-3.yml	true									ERROR (generic error, before parsing finished)	0.178645	0.1800222260000055	23.961600
termination-memory-alloca/TelAviv-Amir-Minimum-alloca-2.yml	true									ERROR (generic error, before parsing finished)	0.176435	0.182612985999981	23.891968
termination-memory-alloca/Urban-2013WST-Fig1-alloca.yml	false									ERROR (generic error, before parsing finished)	0.175883	0.18533042399997157	23.986176
termination-memory-alloca/Urban-2013WST-Fig2-alloca-2.yml	true									ERROR (generic error, before parsing finished)	0.17788	0.18669533299998875	23.732224
termination-memory-alloca/Urban-2013WST-Fig2-modified1000-alloca.yml	true									ERROR (generic error, before parsing finished)	0.178545	0.18738170999995418	23.973888
termination-memory-alloca/Urban-alloca-2.yml	true									ERROR (generic error, before parsing finished)	0.176732	0.17828171900009693	23.740416
termination-memory-alloca/Velroyen-alloca.yml	false									ERROR (generic error, before parsing finished)	0.176244	0.17766335800001798	23.871488
termination-memory-alloca/a.01-alloca.yml	true									ERROR (generic error, before parsing finished)	0.176523	0.17892111500009378	23.736320
termination-memory-alloca/a.04-alloca.yml	true									ERROR (generic error, before parsing finished)	0.176977	0.1778401849999227	23.724032
termination-memory-alloca/a.05-alloca.yml	true									ERROR (generic error, before parsing finished)	0.177904	0.18292035199999646	23.973888
termination-memory-alloca/a.06-alloca.yml	true									ERROR (generic error, before parsing finished)	0.17797	0.18741863200000353	23.859200
termination-memory-alloca/a.07-alloca.yml	true									ERROR (generic error, before parsing finished)	0.179504	0.18424977499989836	23.994368
termination-memory-alloca/a.08-alloca.yml	true									ERROR (generic error, before parsing finished)	0.179342	0.18385437200004162	23.703552
termination-memory-alloca/a.09_assume-alloca.yml	true									ERROR (generic error, before parsing finished)	0.179451	0.17964964700001929	23.990272
termination-memory-alloca/a.10-alloca.yml	true									ERROR (generic error, before parsing finished)	0.178249	0.17880441599993446	23.982080
termination-memory-alloca/array01-alloca-1.yml	true									ERROR (generic error, before parsing finished)	0.180657	0.18084237200002917	23.826432
termination-memory-alloca/aviad_true-alloca.yml	true									ERROR (generic error, before parsing finished)	0.177245	0.1865791769999987	23.953408
termination-memory-alloca/b.01-alloca.yml	true									ERROR (generic error, before parsing finished)	0.179969	0.18452615599994715	23.851008
termination-memory-alloca/b.02-alloca.yml	true									ERROR (generic error, before parsing finished)	0.176855	0.17799865999995745	23.732224
termination-memory-alloca/b.03-no-inv_assume-alloca.yml	true									ERROR (generic error, before parsing finished)	0.177901	0.18704103300001407	23.732224
termination-memory-alloca/b.03_assume-alloca.yml	true									ERROR (generic error, before parsing finished)	0.179081	0.17976275400008035	23.810048
termination-memory-alloca/b.04-alloca.yml	true									ERROR (generic error, before parsing finished)	0.175384	0.1854351150000184	23.756800
termination-memory-alloca/b.05-alloca.yml	true									ERROR (generic error, before parsing finished)	0.176208	0.18549569100002827	23.691264
termination-memory-alloca/b.06-alloca.yml	true									ERROR (generic error, before parsing finished)	0.176681	0.18150859399997898	23.973888
termination-memory-alloca/b.07-alloca.yml	true									ERROR (generic error, before parsing finished)	0.176976	0.18128703399997903	23.891968
termination-memory-alloca/b.09-no-inv_assume-alloca.yml	true									ERROR (generic error, before parsing finished)	0.176984	0.17839407400003893	23.801856
termination-memory-alloca/b.09_assume-alloca.yml	true									ERROR (generic error, before parsing finished)	0.179334	0.1875219170000264	23.822336
termination-memory-alloca/b.10-alloca.yml	true									ERROR (generic error, before parsing finished)	0.176834	0.18558675199994923	23.752704
termination-memory-alloca/b.11-alloca.yml	true									ERROR (generic error, before parsing finished)	0.177702	0.18357234000006883	23.904256
termination-memory-alloca/b.12-alloca.yml	true									ERROR (generic error, before parsing finished)	0.178883	0.1837540540000191	23.855104
termination-memory-alloca/b.13-alloca.yml	true									ERROR (generic error, before parsing finished)	0.17626	0.18127743100001226	23.736320
termination-memory-alloca/b.14-alloca.yml	true									ERROR (generic error, before parsing finished)	0.176545	0.1786134790000915	23.977984
termination-memory-alloca/b.15-alloca.yml	true									ERROR (generic error, before parsing finished)	0.178308	0.1863643100000445	23.965696
termination-memory-alloca/b.16-alloca.yml	true									ERROR (generic error, before parsing finished)	0.176937	0.18534312999997837	23.932928
termination-memory-alloca/b.17-alloca.yml	true									ERROR (generic error, before parsing finished)	0.1777	0.17915855199998987	23.883776
termination-memory-alloca/b.18-alloca.yml	true									ERROR (generic error, before parsing finished)	0.174728	0.17699257100002797	23.719936
termination-memory-alloca/bubblesort-alloca-1.yml	true									ERROR (generic error, before parsing finished)	0.176933	0.17778584400002728	23.863296
termination-memory-alloca/c.01-no-inv-alloca.yml	true									ERROR (generic error, before parsing finished)	0.175343	0.181902374999936	23.707648
termination-memory-alloca/c.01_assume-alloca.yml	true									ERROR (generic error, before parsing finished)	0.178534	0.1872038070000599	23.875584
termination-memory-alloca/c.02-alloca.yml	true									ERROR (generic error, before parsing finished)	0.178144	0.1845554980000088	23.715840
termination-memory-alloca/c.03-alloca-1.yml	true									ERROR (generic error, before parsing finished)	0.177231	0.17833481799993933	23.707648
termination-memory-alloca/c.07-alloca.yml	true									ERROR (generic error, before parsing finished)	0.178794	0.17916480700000648	23.875584
termination-memory-alloca/c.08-alloca.yml	true									ERROR (generic error, before parsing finished)	0.17877	0.18722688399998333	23.982080
termination-memory-alloca/count_down-alloca-2.yml	true									ERROR (generic error, before parsing finished)	0.178381	0.1873390460000337	23.736320
termination-memory-alloca/cstrcat-alloca-1.yml	true									ERROR (generic error, before parsing finished)	0.174666	0.17679317999989053	23.871488
termination-memory-alloca/cstrchr-alloca-1.yml	true									ERROR (generic error, before parsing finished)	0.177487	0.18613462300004358	23.957504
termination-memory-alloca/cstrcmp-alloca-1.yml	true									ERROR (generic error, before parsing finished)	0.17899	0.18689115500001208	23.896064
termination-memory-alloca/cstrcpy-alloca-2.yml	true									ERROR (generic error, before parsing finished)	0.177027	0.18594809000001078	23.887872
termination-memory-alloca/cstrcspn-alloca-2.yml	true									ERROR (generic error, before parsing finished)	0.178637	0.17883970499997304	23.842816
termination-memory-alloca/cstrlen-alloca-1.yml	true									ERROR (generic error, before parsing finished)	0.177469	0.1818984949999276	23.805952
termination-memory-alloca/cstrncat-alloca-1.yml	true									ERROR (generic error, before parsing finished)	0.178911	0.1868572050000239	23.957504
termination-memory-alloca/cstrncpy-alloca-1.yml	true									ERROR (generic error, before parsing finished)	0.177058	0.18628394500001377	23.990272
termination-memory-alloca/cstrpbrk-alloca-1.yml	true									ERROR (generic error, before parsing finished)	0.178306	0.18247214500001974	23.977984
termination-memory-alloca/cstrspn-alloca-2.yml	true									ERROR (generic error, before parsing finished)	0.176441	0.1804782009999144	23.887872
termination-memory-alloca/diff-alloca-1.yml	true									ERROR (generic error, before parsing finished)	0.176858	0.18072240799995143	24.014848
termination-memory-alloca/easySum-alloca.yml	true									ERROR (generic error, before parsing finished)	0.189089	0.18301723199999742	23.650304
termination-memory-alloca/ex3a-alloca.yml	true									ERROR (generic error, before parsing finished)	0.178118	0.19013827699996	23.842816
termination-memory-alloca/fermat-alloca.yml	true									ERROR (generic error, before parsing finished)	0.179222	0.1951721789999965	24.100864
termination-memory-alloca/genady-alloca.yml	true									ERROR (generic error, before parsing finished)	0.174286	0.18763526200007163	23.953408
termination-memory-alloca/insertionsort-alloca-2.yml	true									ERROR (generic error, before parsing finished)	0.177683	0.18302006500005064	23.851008
termination-memory-alloca/java_AG313-alloca.yml	true									ERROR (generic error, before parsing finished)	0.176316	0.1829170589999194	23.941120
termination-memory-alloca/java_Break-alloca.yml	true									ERROR (generic error, before parsing finished)	0.178695	0.1788995760000489	23.752704
termination-memory-alloca/java_BubbleSort-alloca-2.yml	true									ERROR (generic error, before parsing finished)	0.177944	0.1843258290000449	24.059904
termination-memory-alloca/java_Continue1-alloca.yml	true									ERROR (generic error, before parsing finished)	0.177409	0.18650997700001426	23.969792
termination-memory-alloca/java_LogBuiltIn-alloca.yml	true									ERROR (generic error, before parsing finished)	0.177719	0.18302639399996679	23.965696
termination-memory-alloca/java_Nested-alloca.yml	true									ERROR (generic error, before parsing finished)	0.179606	0.18806396200000108	23.846912
termination-memory-alloca/java_Sequence-alloca.yml	true									ERROR (generic error, before parsing finished)	0.178232	0.18292686799998137	23.773184
termination-memory-alloca/lis-alloca-2.yml	true									ERROR (generic error, before parsing finished)	0.178628	0.18650684200008527	23.891968
termination-memory-alloca/openbsd_cbzero-alloca-1.yml	true									ERROR (generic error, before parsing finished)	0.177669	0.18781904299999042	23.748608
termination-memory-alloca/openbsd_cmemchr-alloca-1.yml	true									ERROR (generic error, before parsing finished)	0.17889	0.1798963389999244	23.732224
termination-memory-alloca/openbsd_cmemrchr-alloca-1.yml	true									ERROR (generic error, before parsing finished)	0.174846	0.17664509199994427	23.879680
termination-memory-alloca/openbsd_cmemset-alloca-2.yml	true									ERROR (generic error, before parsing finished)	0.178399	0.19113640199998372	23.961600
termination-memory-alloca/openbsd_cstpcpy-alloca-2.yml	true									ERROR (generic error, before parsing finished)	0.17705	0.18580512100004398	23.871488
termination-memory-alloca/openbsd_cstpncpy-alloca-2.yml	true									ERROR (generic error, before parsing finished)	0.177224	0.1815210440000783	23.748608
termination-memory-alloca/openbsd_cstrcat-alloca-1.yml	true									ERROR (generic error, before parsing finished)	0.179363	0.18398518900005456	23.875584
termination-memory-alloca/openbsd_cstrcmp-alloca-2.yml	true									ERROR (generic error, before parsing finished)	0.17814	0.18283530899998368	23.891968
termination-memory-alloca/openbsd_cstrcpy-alloca-1.yml	true									ERROR (generic error, before parsing finished)	0.17703	0.1778561209999907	23.715840
termination-memory-alloca/openbsd_cstrcspn-alloca-1.yml	true									ERROR (generic error, before parsing finished)	0.180173	0.18856814900004792	23.703552
termination-memory-alloca/openbsd_cstrlcpy-alloca-2.yml	true									ERROR (generic error, before parsing finished)	0.179546	0.18866840300006515	23.961600
termination-memory-alloca/openbsd_cstrlen-alloca-2.yml	true									ERROR (generic error, before parsing finished)	0.176763	0.17931744899999558	23.945216
termination-memory-alloca/openbsd_cstrncat-alloca-1.yml	true									ERROR (generic error, before parsing finished)	0.177053	0.17837897699996574	23.969792
termination-memory-alloca/openbsd_cstrncmp-alloca-1.yml	true									ERROR (generic error, before parsing finished)	0.177437	0.1800130279999621	23.724032
termination-memory-alloca/openbsd_cstrncpy-alloca-1.yml	true									ERROR (generic error, before parsing finished)	0.180015	0.19582000299999436	24.002560
termination-memory-alloca/openbsd_cstrnlen-alloca-2.yml	true									ERROR (generic error, before parsing finished)	0.177029	0.1904000359999145	23.891968
termination-memory-alloca/openbsd_cstrpbrk-alloca-1.yml	true									ERROR (generic error, before parsing finished)	0.17936	0.18454811100002644	23.998464
termination-memory-alloca/openbsd_cstrspn-alloca-1.yml	true									ERROR (generic error, before parsing finished)	0.177689	0.17845889199998055	23.953408
termination-memory-alloca/openbsd_cstrstr-alloca-1.yml	true									ERROR (generic error, before parsing finished)	0.177074	0.1786926230000745	23.830528
termination-memory-alloca/rec_strlen-alloca-2.yml	true									ERROR (generic error, before parsing finished)	0.17923	0.1806791510000494	23.650304
termination-memory-alloca/selectionsort-alloca-2.yml	true									ERROR (generic error, before parsing finished)	0.176716	0.17863457600003585	23.756800
termination-memory-alloca/strreplace-alloca-1.yml	true									ERROR (generic error, before parsing finished)	0.178176	0.1827126309999585	23.900160
termination-memory-alloca/subseq-alloca-1.yml	true									ERROR (generic error, before parsing finished)	0.177155	0.19359943800009205	23.687168
termination-memory-alloca/substring-alloca-1.yml	true									ERROR (generic error, before parsing finished)	0.179502	0.1843330850000484	23.711744
termination-memory-alloca/twisted-alloca.yml	true									ERROR (generic error, before parsing finished)	0.176376	0.18613161700000092	23.859200
termination-memory-linkedlists/cll_by_lseg-alloca-2.yml	true									ERROR (generic error, before parsing finished)	0.178727	0.17906432100005532	23.977984
termination-memory-linkedlists/cll_by_lseg_traverse-alloca.yml	false									ERROR (generic error, before parsing finished)	0.178736	0.1794478890000164	23.941120
termination-memory-linkedlists/cll_search-alloca-1.yml	true									ERROR (generic error, before parsing finished)	0.178835	0.1791370140000481	23.900160
termination-memory-linkedlists/cll_search-alloca-2.yml	false									ERROR (generic error, before parsing finished)	0.176603	0.17758733200003007	23.740416
termination-memory-linkedlists/cll_traverse-alloca.yml	false									ERROR (generic error, before parsing finished)	0.177593	0.1782397370000126	23.748608
termination-memory-linkedlists/ll_append-alloca-1.yml	true									ERROR (generic error, before parsing finished)	0.178745	0.18212302000006275	23.973888
termination-memory-linkedlists/ll_append-alloca-2.yml	false									ERROR (generic error, before parsing finished)	0.177293	0.1786720630000218	23.719936
termination-memory-linkedlists/ll_append_rec-alloca-1.yml	true									ERROR (generic error, before parsing finished)	0.17776	0.1828943089999484	23.977984
termination-memory-linkedlists/ll_append_rec-alloca-2.yml	false									ERROR (generic error, before parsing finished)	0.178721	0.1835482909999655	23.937024
termination-memory-linkedlists/ll_create_rec-alloca-1.yml	false									ERROR (generic error, before parsing finished)	0.177579	0.17955427500010046	23.707648
termination-memory-linkedlists/ll_create_rec-alloca-2.yml	true									ERROR (generic error, before parsing finished)	0.176779	0.17857853199996043	23.732224
termination-memory-linkedlists/ll_search-alloca.yml	true									ERROR (generic error, before parsing finished)	0.178811	0.1806180639999866	23.990272
termination-memory-linkedlists/ll_search_not_found-alloca.yml	true									ERROR (generic error, before parsing finished)	0.179731	0.18030969000005825	23.703552
termination-memory-linkedlists/ll_traverse-alloca.yml	true									ERROR (generic error, before parsing finished)	0.179184	0.18258811500004413	23.904256
termination-memory-linkedlists/nondet_ll_search-alloca-1.yml	false									ERROR (generic error, before parsing finished)	0.178154	0.19419047199994566	23.842816
termination-memory-linkedlists/nondet_ll_search-alloca-2.yml	true									ERROR (generic error, before parsing finished)	0.175874	0.1893664640000452	23.912448
termination-memory-linkedlists/nondet_ll_traverse-alloca.yml	false									ERROR (generic error, before parsing finished)	0.178354	0.18701170099996034	23.715840
termination-15/array12_alloca.yml	true									ERROR (generic error, before parsing finished)	0.177239	0.17892659400001776	23.707648
termination-15/array13_alloca.yml	true									ERROR (generic error, before parsing finished)	0.176941	0.18188759999998183	23.855104
termination-15/array14_alloca.yml	false									ERROR (generic error, before parsing finished)	0.177411	0.18270409900003415	23.842816
termination-15/array15_alloca.yml	false									ERROR (generic error, before parsing finished)	0.176202	0.18175699500000064	23.732224
termination-15/array16_alloca_fixed.yml	true									ERROR (generic error, before parsing finished)	0.177262	0.18259959800002434	23.994368
termination-15/array16_alloca_original.yml	false									ERROR (generic error, before parsing finished)	0.177219	0.1874349220000795	23.900160
termination-15/array17_alloca.yml	true									ERROR (generic error, before parsing finished)	0.177369	0.1818733139999722	23.740416
termination-15/count_up_alloca.yml	true									ERROR (generic error, before parsing finished)	0.179362	0.18820339699993838	23.732224
termination-15/count_up_and_down_alloca.yml	true									ERROR (generic error, before parsing finished)	0.178335	0.18347510099999909	23.826432
termination-15/cstrcat_diffterm_alloca.yml	true									ERROR (generic error, before parsing finished)	0.176143	0.1777208859999746	23.863296
termination-15/cstrcat_malloc.yml	true									ERROR (generic error, before parsing finished)	0.176731	0.18661644799999522	23.949312
termination-15/cstrcat_mixed_alloca.yml	true									ERROR (generic error, before parsing finished)	0.178153	0.17839468199997555	23.871488
termination-15/cstrcat_reverse_alloca.yml	true									ERROR (generic error, before parsing finished)	0.177465	0.17856048299995564	23.740416
termination-15/cstrchr_diffterm_alloca.yml	true									ERROR (generic error, before parsing finished)	0.175553	0.19281694099993274	23.724032
termination-15/cstrchr_malloc.yml	true									ERROR (generic error, before parsing finished)	0.180091	0.18037903700007973	24.002560
termination-15/cstrchr_reverse_alloca.yml	true									ERROR (generic error, before parsing finished)	0.182226	0.18207897700006015	23.789568
termination-15/cstrcmp_diffterm_alloca.yml	true									ERROR (generic error, before parsing finished)	0.192775	0.19203769299997475	23.863296
termination-15/cstrcmp_malloc.yml	true									ERROR (generic error, before parsing finished)	0.185746	0.185642152000014	23.752704
termination-15/cstrcmp_mixed_alloca.yml	true									ERROR (generic error, before parsing finished)	0.188527	0.18858561900003679	23.871488
termination-15/cstrcmp_reverse_alloca.yml	true									ERROR (generic error, before parsing finished)	0.178254	0.18691164200004096	23.781376
termination-15/cstrcpy_diffterm_alloca.yml	true									ERROR (generic error, before parsing finished)	0.17509	0.18495075099997393	23.871488
termination-15/cstrcpy_malloc.yml	true									ERROR (generic error, before parsing finished)	0.177763	0.18233820800003286	23.838720
termination-15/cstrcpy_mixed_alloca.yml	true									ERROR (generic error, before parsing finished)	0.176628	0.18611381799996707	23.711744
termination-15/cstrcpy_reverse_alloca.yml	true									ERROR (generic error, before parsing finished)	0.178862	0.18363129600004413	23.982080
termination-15/cstrcspn_diffterm_alloca.yml	true									ERROR (generic error, before parsing finished)	0.179564	0.18780096399996182	23.969792
termination-15/cstrcspn_malloc.yml	true									ERROR (generic error, before parsing finished)	0.179299	0.18004047099998388	23.859200
termination-15/cstrcspn_mixed_alloca.yml	true									ERROR (generic error, before parsing finished)	0.179035	0.17900387000008777	23.818240
termination-15/cstrcspn_reverse_alloca.yml	true									ERROR (generic error, before parsing finished)	0.179482	0.18759700300006443	23.719936
termination-15/cstrlen_diffterm_alloca.yml	true									ERROR (generic error, before parsing finished)	0.179557	0.19532166099997994	23.674880
termination-15/cstrlen_malloc.yml	true									ERROR (generic error, before parsing finished)	0.17913	0.18398272399997495	23.863296
termination-15/cstrlen_reverse_alloca.yml	true									ERROR (generic error, before parsing finished)	0.178965	0.19096510500003205	23.687168
termination-15/cstrncat_diffterm_alloca.yml	true									ERROR (generic error, before parsing finished)	0.177344	0.1862954840000839	23.707648
termination-15/cstrncat_malloc.yml	true									ERROR (generic error, before parsing finished)	0.175106	0.1777930320000678	23.973888
termination-15/cstrncat_mixed_alloca.yml	true									ERROR (generic error, before parsing finished)	0.178633	0.18332511900007376	23.859200
termination-15/cstrncpy_diffterm_alloca.yml	true									ERROR (generic error, before parsing finished)	0.177102	0.18207892899999933	23.728128
termination-15/cstrncpy_malloc.yml	true									ERROR (generic error, before parsing finished)	0.177192	0.17866421500002616	23.887872
termination-15/cstrncpy_mixed_alloca.yml	true									ERROR (generic error, before parsing finished)	0.177054	0.1863491490000797	23.728128
termination-15/cstrncpy_reverse_alloca.yml	true									ERROR (generic error, before parsing finished)	0.176003	0.1774168079999754	23.949312
termination-15/cstrpbrk_diffterm_alloca.yml	true									ERROR (generic error, before parsing finished)	0.177308	0.18504194399997687	23.953408
termination-15/cstrpbrk_malloc.yml	true									ERROR (generic error, before parsing finished)	0.178472	0.18249426800002766	23.863296
termination-15/cstrpbrk_mixed_alloca.yml	true									ERROR (generic error, before parsing finished)	0.176256	0.17804354199995487	23.752704
termination-15/cstrpbrk_reverse_alloca.yml	true									ERROR (generic error, before parsing finished)	0.177512	0.18209350500001165	23.904256
termination-15/cstrspn_diffterm_alloca.yml	true									ERROR (generic error, before parsing finished)	0.177276	0.1862214349999931	23.719936
termination-15/cstrspn_malloc.yml	true									ERROR (generic error, before parsing finished)	0.174862	0.1846010379999825	23.961600
termination-15/cstrspn_mixed_alloca.yml	true									ERROR (generic error, before parsing finished)	0.175959	0.1845577349999985	23.822336
termination-15/cstrspn_reverse_alloca.yml	true									ERROR (generic error, before parsing finished)	0.176292	0.17750766899996506	23.875584
termination-recursive-malloc/chunk1-2.yml	true									ERROR (generic error, before parsing finished)	0.174998	0.18079848700006096	23.728128
termination-recursive-malloc/chunk2.yml	true									ERROR (generic error, before parsing finished)	0.178511	0.17928561400003673	23.973888
termination-recursive-malloc/insertionSort_recursive.yml	true									ERROR (generic error, before parsing finished)	0.178934	0.18270509199999196	23.973888
termination-recursive-malloc/mergeSort.yml	true									ERROR (generic error, before parsing finished)	0.176725	0.1813339039999846	23.928832
termination-recursive-malloc/mutual_simple.yml	true									ERROR (generic error, before parsing finished)	4.231747	1.6468235439999717	183.271424
termination-recursive-malloc/mutual_simple2.yml	true									ERROR (generic error, before parsing finished)	4.364223	1.692403401999968	181.755904
termination-recursive-malloc/rec_malloc_ex11.yml	true									ERROR (frontend failed, before parsing finished)	6.24175	2.3299454629999445	202.846208
termination-recursive-malloc/rec_malloc_ex11B.yml	true									ERROR (frontend failed, before parsing finished)	6.083086	2.2743303539999715	193.511424
termination-recursive-malloc/rec_malloc_ex11C.yml	true									ERROR (frontend failed, before parsing finished)	6.264592	2.3473260270000083	192.753664
termination-recursive-malloc/rec_malloc_ex11D.yml	true									ERROR (frontend failed, before parsing finished)	6.018046	2.269681981999952	191.725568
termination-recursive-malloc/rec_malloc_ex2.yml	true									ERROR (frontend failed, before parsing finished)	6.313194	2.3324213979999513	185.614336
termination-recursive-malloc/rec_malloc_ex3.yml	true									ERROR (frontend failed, before parsing finished)	6.077714	2.279518359000008	188.874752
termination-recursive-malloc/rec_malloc_ex9.yml	true									ERROR (frontend failed, before parsing finished)	6.290133	2.333374786000036	189.411328
termination-recursive-malloc/rec_strcopy_malloc.yml	true									ERROR (generic error, before parsing finished)	0.178362	0.17900241900008496	23.965696
termination-recursive-malloc/rec_strcopy_malloc2.yml	true									ERROR (generic error, before parsing finished)	0.177684	0.17883402099994328	23.973888
termination-recursive-malloc/rec_strlen_malloc.yml	true									ERROR (generic error, before parsing finished)	0.178811	0.1950033320000557	23.871488
termination-recursive-malloc/selectionSort_recursive.yml	true									ERROR (generic error, before parsing finished)	0.176403	0.1860581959999763	23.904256
termination-crafted/2Nested-1.yml	true					TIMEOUT	40.659224	28.145310997000024	435.912704				
termination-crafted/4BitCounterPointer.yml	true					ERROR (frontend failed, before parsing finished)	5.860251	2.2390426660000458	187.879424				
termination-crafted/4NestedWith3Variables-1.yml	true					TIMEOUT	40.627796	27.780007153000042	480.927744				
termination-crafted/Ackermann-2.yml	true					ERROR (generic error, before parsing finished)	4.173631	1.5645485679999638	187.949056				
termination-crafted/Arrays01-EquivalentConstantIndices-1.yml	true					ERROR (generic error, before parsing finished)	0.179822	0.19076719500003492	23.769088				
termination-crafted/Arrays02-EquivalentConstantIndices.yml	false					ERROR (generic error, before parsing finished)	0.178858	0.18878726899993126	23.756800				
termination-crafted/Arrays03-ValueRestictsIndex-2.yml	true					ERROR (generic error, before parsing finished)	0.176288	0.1849804180000092	23.896064				
termination-crafted/Bangalore-2.yml	true					TIMEOUT	40.591069	28.468256769999925	412.532736				
termination-crafted/Bangalore_v2.yml	false					false(unreach-call)	24.276845	13.24164739999992	468.037632				
termination-crafted/Bangalore_v4.yml	true					true	28.748868	15.612122391999947	528.207872				
termination-crafted/Benghazi.yml	true					TIMEOUT	40.836038	27.328794935999895	453.390336				
termination-crafted/Benghazi_nondet-2.yml	true					TIMEOUT	41.215106	26.873483173000068	448.897024				
termination-crafted/Binary_Search-2.yml	false					ERROR (generic error, before parsing finished)	4.152411	1.5778028619999986	173.223936				
termination-crafted/Cairo.yml	true					TIMEOUT	41.003708	26.912213307000002	524.189696				
termination-crafted/Cairo_step2-1.yml	true												
termination-crafted/Cairo_step2-3.yml	false												
termination-crafted/Collatz_bounded.yml	true												
termination-crafted/Copenhagen.yml	true												
termination-crafted/Copenhagen_disj-2.yml	true												
termination-crafted/Division-2.yml	false												
termination-crafted/Gothenburg-1.yml	true												
termination-crafted/Gothenburg_v2-1.yml	true												
termination-crafted/LexIndexValue-Array-1.yml	true												
termination-crafted/LexIndexValue-Pointer-2.yml	true												
termination-crafted/Lobnya-Boolean-Reordered-2.yml	true												
termination-crafted/Madrid.yml	false												
termination-crafted/McCarthy91_Iteration.yml	true												
termination-crafted/McCarthy91_Recursion.yml	true												
termination-crafted/MenloPark.yml	true												
termination-crafted/MutualRecursion_1a.yml	false												
termination-crafted/MutualRecursion_1b.yml	true												
termination-crafted/Mysore-2.yml	true												
termination-crafted/NestedRecursion_1a-2.yml	false												
termination-crafted/NestedRecursion_1b.yml	true												
termination-crafted/NestedRecursion_1c.yml	true												
termination-crafted/NestedRecursion_1d.yml	true												
termination-crafted/NestedRecursion_2b.yml	false												
termination-crafted/NestedRecursion_2c.yml	true												
termination-crafted/NonTermination3-1.yml	false												
termination-crafted/NonTermination3-2.yml	false												
termination-crafted/NonTerminationSimple7.yml	false												
termination-crafted/Nyala-2lex-2.yml	true												
termination-crafted/Parallel.yml	true												
termination-crafted/Piecewise.yml	true												
termination-crafted/Pure2Phase-1.yml	true												
termination-crafted/Pure3Phase-1.yml	true												
termination-crafted/RecursiveMultiplication-1.yml	true												
termination-crafted/RecursiveNonterminating-1.yml	false												
termination-crafted/Rotation180-1.yml	false												
termination-crafted/Singapore-2.yml	true												
termination-crafted/Stockholm-1.yml	true												
termination-crafted/SyntaxSupportPointer01-1.yml	true												
termination-crafted/SyntaxSupportPointer01-2.yml	true												
termination-crafted/TelAviv-Amir-Minimum.yml	true												
termination-crafted/Thun-2.yml	true												
termination-crafted/Toulouse-BranchesToLoop-2.yml	true												
termination-crafted/Toulouse-MultiBranchesToLoop-2.yml	true												
termination-crafted/Waldkirch.yml	true												
termination-crafted/WhileFalse.yml	true												
termination-crafted/WhileTrue.yml	false												
termination-crafted/aaron2-1.yml	true												
termination-crafted/aaron3-1.yml	true												
termination-crafted/easy1.yml	true												
termination-crafted/easy2-2.yml	true												
termination-crafted-lit/AliasDarteFeautrierGonnord-SAS2010-Fig1.yml	true												
termination-crafted-lit/AliasDarteFeautrierGonnord-SAS2010-cousot9.yml	true												
termination-crafted-lit/AliasDarteFeautrierGonnord-SAS2010-easy1.yml	true												
termination-crafted-lit/AliasDarteFeautrierGonnord-SAS2010-easy2-2.yml	true												
termination-crafted-lit/AliasDarteFeautrierGonnord-SAS2010-loops.yml	true												
termination-crafted-lit/AliasDarteFeautrierGonnord-SAS2010-nestedLoop-1.yml	true												
termination-crafted-lit/AliasDarteFeautrierGonnord-SAS2010-random1d-2.yml	true												
termination-crafted-lit/AliasDarteFeautrierGonnord-SAS2010-random2d.yml	true												
termination-crafted-lit/AliasDarteFeautrierGonnord-SAS2010-speedpldi2.yml	true												
termination-crafted-lit/AliasDarteFeautrierGonnord-SAS2010-speedpldi3.yml	true												
termination-crafted-lit/AliasDarteFeautrierGonnord-SAS2010-speedpldi4.yml	true												
termination-crafted-lit/AliasDarteFeautrierGonnord-SAS2010-wcet2.yml	true												
termination-crafted-lit/AliasDarteFeautrierGonnord-SAS2010-while2.yml	true												
termination-crafted-lit/AliasDarteFeautrierGonnord-SAS2010-wise.yml	true												
termination-crafted-lit/Avery-FLOPS2006-Table1.yml	true												
termination-crafted-lit/BradleyMannaSipma-CAV2005-Fig1-modified.yml	false												
termination-crafted-lit/BradleyMannaSipma-CAV2005-Fig1.yml	true												
termination-crafted-lit/BrockschmidtCookFuhs-CAV2013-Fig1.yml	true												
termination-crafted-lit/BrockschmidtCookFuhs-CAV2013-Fig9a.yml	true												
termination-crafted-lit/BrockschmidtCookFuhs-CAV2013-Introduction.yml	true												
termination-crafted-lit/ChawdharyCookGulwaniSagivYang-ESOP2008-easy1.yml	true												
termination-crafted-lit/ChawdharyCookGulwaniSagivYang-ESOP2008-easy2.yml	true												
termination-crafted-lit/ChawdharyCookGulwaniSagivYang-ESOP2008-random1d.yml	true												
termination-crafted-lit/ChawdharyCookGulwaniSagivYang-ESOP2008-random2d.yml	true												
termination-crafted-lit/ChenCookFuhsNimkarOHearn-TACAS2014-Introduction.yml	false												
termination-crafted-lit/ChenFlurMukhopadhyay-SAS2012-Ex2.20.yml	true												
termination-crafted-lit/ChenFlurMukhopadhyay-SAS2012-Ex3.01.yml	true												
termination-crafted-lit/CookSeeZuleger-TACAS2013-Fig1.yml	true												
termination-crafted-lit/CookSeeZuleger-TACAS2013-Fig7a.yml	true												
termination-crafted-lit/CookSeeZuleger-TACAS2013-Fig7b.yml	true												
termination-crafted-lit/CookSeeZuleger-TACAS2013-Fig8a-modified.yml	true												
termination-crafted-lit/CookSeeZuleger-TACAS2013-Fig8a.yml	true												
termination-crafted-lit/CookSeeZuleger-TACAS2013-Fig8b.yml	true												
termination-crafted-lit/GopanReps-CAV2006-Fig1a.yml	true												
termination-crafted-lit/HarrisLalNoriRajamani-SAS2010-Fig1.yml	true												
termination-crafted-lit/HarrisLalNoriRajamani-SAS2010-Fig3.yml	true												
termination-crafted-lit/HeizmannHoenickeLeikePodelski-ATVA2013-Fig1.yml	true												
termination-crafted-lit/HeizmannHoenickeLeikePodelski-ATVA2013-Fig4.yml	true												
termination-crafted-lit/HeizmannHoenickeLeikePodelski-ATVA2013-Fig5.yml	true												
termination-crafted-lit/HeizmannHoenickeLeikePodelski-ATVA2013-Fig6.yml	true												
termination-crafted-lit/HenzingerJhalaMajumdarSutre-POPL2002-LockingExample.yml	false												
termination-crafted-lit/KroeningSharyginaTsitovichWintersteiger-CAV2010-Ex.yml	true												
termination-crafted-lit/KroeningSharyginaTsitovichWintersteiger-CAV2010-Fig1.yml	true												
termination-crafted-lit/LarrazOliverasRodriguez-CarbonellRubio-FMCAD2013-Fig1.yml	true												
termination-crafted-lit/LeeJonesBen-Amram-POPL2001-Ex4.yml	true												
termination-crafted-lit/LeeJonesBen-Amram-POPL2001-Ex5.yml	true												
termination-crafted-lit/LeikeHeizmann-TACAS2014-Ex1.yml	true												
termination-crafted-lit/LeikeHeizmann-TACAS2014-Ex9.yml	true												
termination-crafted-lit/LeikeHeizmann-WST2014-Ex9.yml	true												
termination-crafted-lit/PodelskiRybalchenko-LICS2004-Fig1.yml	true												
termination-crafted-lit/PodelskiRybalchenko-TACAS2011-Fig1.yml	true												
termination-crafted-lit/PodelskiRybalchenko-TACAS2011-Fig2.yml	true												
termination-crafted-lit/PodelskiRybalchenko-TACAS2011-Fig4.yml	true												
termination-crafted-lit/Urban-WST2013-Fig1.yml	false												
termination-crafted-lit/Urban-WST2013-Fig2-modified1000.yml	true												
termination-crafted-lit/Urban-WST2013-Fig2.yml	true												
termination-crafted-lit/UrbanMine-ESOP2014-Fig3.yml	true												
termination-crafted-lit/Velroyen.yml	false												
termination-crafted-lit/aviad.yml	true												
termination-crafted-lit/cstrcmp.yml	true												
termination-crafted-lit/cstrcspn.yml	true												
termination-crafted-lit/cstrlen.yml	true												
termination-crafted-lit/cstrpbrk.yml	true												
termination-crafted-lit/cstrspn.yml	true												
termination-crafted-lit/genady.yml	true												
termination-crafted-lit/strchr-2.yml	true												
termination-numeric/Ackermann01-1.yml	true												
termination-numeric/Binomial.yml	true												
termination-numeric/EvenOdd01-2.yml	true												
termination-numeric/Fibonacci01-2.yml	true												
termination-numeric/LeUserDefRec.yml	true												
termination-numeric/LogRecursive.yml	true												
termination-numeric/Parts.yml	true												
termination-numeric/TerminatorRec02.yml	true												
termination-numeric/TwoWay.yml	true												
termination-numeric/gcd01-2.yml	true												
termination-numeric/java_LogBuiltIn.yml	true												
termination-numeric/recHanoi02-1.yml	true												
termination-numeric/rec_counter1.yml	true												
termination-numeric/rec_counter3.yml	true												
termination-numeric/twisted.yml	true												
termination-restricted-15/AlternKonv.yml	false												
termination-restricted-15/ComplInterv2.yml	false												
termination-restricted-15/ConvLower.yml	false												
termination-restricted-15/DivMinus.yml	true												
termination-restricted-15/DivMinus2.yml	true												
termination-restricted-15/Ex02.yml	false												
termination-restricted-15/Ex03.yml	false												
termination-restricted-15/Ex05.yml	false												
termination-restricted-15/Ex06.yml	false												
termination-restricted-15/Ex07.yml	false												
termination-restricted-15/Ex08.yml	false												
termination-restricted-15/Flip.yml	false												
termination-restricted-15/Flip2.yml	false												
termination-restricted-15/GCD-1.yml	false												
termination-restricted-15/GCD2.yml	false												
termination-restricted-15/GCD3.yml	true												
termination-restricted-15/GCD4.yml	true												
termination-restricted-15/IntPath.yml	true												
termination-restricted-15/Log.yml	true												
termination-restricted-15/LogAG.yml	true												
termination-restricted-15/Loop-2.yml	false												
termination-restricted-15/McCarthyIterative.yml	true												
termination-restricted-15/MinusBuiltIn.yml	true												
termination-restricted-15/MinusUserDefined.yml	true												
termination-restricted-15/MirrorIntervSim.yml	false												
termination-restricted-15/NO_00.yml	false												
termination-restricted-15/NO_01.yml	false												
termination-restricted-15/NO_02.yml	false												
termination-restricted-15/NO_03.yml	false												
termination-restricted-15/NO_04.yml	false												
termination-restricted-15/NO_13.yml	false												
termination-restricted-15/NO_21.yml	false												
termination-restricted-15/NO_22.yml	false												
termination-restricted-15/NO_23.yml	false												
termination-restricted-15/NO_24.yml	false												
termination-restricted-15/NarrowKonv.yml	false												
termination-restricted-15/Narrowing.yml	false												
termination-restricted-15/Nested-2.yml	true												
termination-restricted-15/PastaA1.yml	true												
termination-restricted-15/PastaA10.yml	true												
termination-restricted-15/PastaA4.yml	true												
termination-restricted-15/PastaA7.yml	true												
termination-restricted-15/PastaB1.yml	true												
termination-restricted-15/PastaB14.yml	true												
termination-restricted-15/PastaB15.yml	true												
termination-restricted-15/PastaB16.yml	true												
termination-restricted-15/PastaB17.yml	true												
termination-restricted-15/PastaB2.yml	true												
termination-restricted-15/PastaB4.yml	true												
termination-restricted-15/PastaB6.yml	true												
termination-restricted-15/PastaB7.yml	true												
termination-restricted-15/PastaC3.yml	true												
termination-restricted-15/PastaC7.yml	true												
termination-restricted-15/PastaC9.yml	true												
termination-restricted-15/Sequence.yml	true												
termination-restricted-15/Sunset.yml	false												
termination-restricted-15/Swingers.yml	false												
termination-restricted-15/TwoFloatInterv.yml	false												
termination-restricted-15/UpAndDown.yml	false												
termination-restricted-15/UpAndDownIneq.yml	false												
termination-restricted-15/WhileDecr.yml	true												
termination-restricted-15/WhilePart.yml	false												
termination-restricted-15/WhileSingle.yml	false												
termination-restricted-15/a.01.yml	true												
termination-restricted-15/a.04.yml	true												
termination-restricted-15/a.05.yml	true												
termination-restricted-15/a.06.yml	true												
termination-restricted-15/a.07.yml	true												
termination-restricted-15/a.08.yml	true												
termination-restricted-15/a.09_assume.yml	true												
termination-restricted-15/a.10.yml	true												
termination-restricted-15/b.01.yml	true												
termination-restricted-15/b.02.yml	true												
termination-restricted-15/b.03-no-inv_assume.yml	true												
termination-restricted-15/b.03_assume.yml	true												
termination-restricted-15/b.04.yml	true												
termination-restricted-15/b.05.yml	true												
termination-restricted-15/b.06.yml	true												
termination-restricted-15/b.07.yml	true												
termination-restricted-15/b.09-no-inv_assume.yml	true												
termination-restricted-15/b.09_assume.yml	true												
termination-restricted-15/b.10.yml	true												
termination-restricted-15/b.11.yml	true												
termination-restricted-15/b.12.yml	true												
termination-restricted-15/b.13.yml	true												
termination-restricted-15/b.14.yml	true												
termination-restricted-15/b.15.yml	true												
termination-restricted-15/b.16.yml	true												
termination-restricted-15/b.17.yml	true												
termination-restricted-15/b.18.yml	true												
termination-restricted-15/c.01-no-inv.yml	true												
termination-restricted-15/c.01_assume.yml	true												
termination-restricted-15/c.02.yml	true												
termination-restricted-15/c.03.yml	true												
termination-restricted-15/c.07.yml	true												
termination-restricted-15/c.08.yml	true												
termination-restricted-15/ex3a.yml	true												
termination-restricted-15/ex3b.yml	true												
termination-restricted-15/java_AG313.yml	true												
termination-restricted-15/java_Break.yml	true												
termination-restricted-15/java_Continue1.yml	true												
termination-restricted-15/java_Nested.yml	true												
termination-restricted-15/java_Sequence.yml	true												
termination-nla/cohencu1-both-t.yml	true												
termination-nla/cohencu2-both-t.yml	true												
termination-nla/cohencu3-both-t.yml	true												
termination-nla/cohencu4-both-t.yml	true												
termination-nla/cohencu5-both-t.yml	true												
termination-nla/cohencu6-both-t.yml	true												
termination-nla/cohencu7-both-t.yml	true												
termination-nla/dijkstra1-both-nt-2.yml	false												
termination-nla/dijkstra1-both-nt.yml	false												
termination-nla/dijkstra1-both-t.yml	true												
termination-nla/dijkstra2-both-nt.yml	false												
termination-nla/dijkstra2-both-t.yml	true												
termination-nla/dijkstra3-both-t.yml	true												
termination-nla/dijkstra4-both-t.yml	true												
termination-nla/dijkstra5-both-t.yml	true												
termination-nla/dijkstra6-both-t.yml	true												
termination-nla/divbin1-both-nt.yml	false												
termination-nla/divbin1-both-t.yml	true												
termination-nla/egcd2-both-t.yml	true												
termination-nla/hard2-both-t.yml	true												
termination-nla/knuth-both-nt.yml	false												
termination-nla/knuth-both-t.yml	true												
termination-nla/knuth-nosqrt-both-nt.yml	false												
termination-nla/knuth-nosqrt-both-t.yml	true												
termination-nla/lcm1-both-nt.yml	false												
termination-nla/lcm1-both-t.yml	true												
termination-nla/mannadiv-both-t.yml	true												
termination-nla/ps2-both-t.yml	true												
termination-nla/ps3-both-t.yml	true												
termination-nla/ps4-both-t.yml	true												
termination-nla/ps5-both-t.yml	true												
termination-nla/ps6-both-t.yml	true												
termination-nla/sqrt1-both-t.yml	true												
termination-bwb/and-01.yml	true	ERROR (generic error, before parsing finished)	0.183393	0.1859421999999995	23.830528								
termination-bwb/and-02.yml	true	TIMEOUT	40.035905	31.71576436400005	490.332160								
termination-bwb/and-03-false.yml	false	false(unreach-call)	34.257783	23.397893874999966	407.035904								
termination-bwb/and-03.yml	true	TIMEOUT	40.177902	27.88141109899999	411.734016								
termination-bwb/and-04-false.yml	false	false(unreach-call)	34.730826	23.083239631000026	404.312064								
termination-bwb/and-04.yml	true	TIMEOUT	41.022114	29.16755528499999	406.200320								
termination-bwb/and-05-false.yml	false	false(unreach-call)	33.507616	22.82703212199999	395.489280								
termination-bwb/and-05.yml	true	true	32.845358	22.810316505999992	386.932736								
termination-bwb/and-06.yml	true	TIMEOUT	40.743416	28.212933946999954	421.044224								
termination-bwb/and-assume.yml	true	ERROR (generic error, before parsing finished)	0.179266	0.17944303399997352	23.900160								
termination-bwb/consecutive-zero-bits-trailing.yml	true	ERROR (generic error, before parsing finished)	4.183076	1.5848503680000476	172.113920								
termination-bwb/counting-bits-BK.yml	true												
termination-bwb/counting-bits-BK1.yml	true												
termination-bwb/counting-bits-set.yml	true												
termination-bwb/not-01.yml	true												
termination-bwb/not-02-false.yml	false												
termination-bwb/not-02.yml	false												
termination-bwb/not-03-false.yml	false												
termination-bwb/not-03.yml	true												
termination-bwb/not-04-false.yml	false												
termination-bwb/not-04.yml	true												
termination-bwb/not-05-false.yml	false												
termination-bwb/not-05.yml	true												
termination-bwb/or-01.yml	true												
termination-bwb/or-02.yml	true												
termination-bwb/or-03.yml	true												
termination-bwb/or-04.yml	false												
termination-bwb/or-05-false.yml	false												
termination-bwb/or-05.yml	false												
termination-bwb/or-06.yml	true												
termination-bwb/parity0.yml	true												
termination-bwb/parity1.yml	true												
termination-bwb/reverse-bits1.yml	true												
termination-bwb/xor-01.yml	true												
