tool		Theta 6.6.0	Theta 6.6.0	Theta 6.6.0	Theta 6.6.0
run set		SV-COMP24_unreach-call.Hardware	SV-COMP24_unreach-call.Hardware	SV-COMP24_unreach-call.Hardware	SV-COMP24_unreach-call.Hardware
../sv-benchmarks/c/		status	cputime (s)	walltime (s)	memory (MB)
hardware-verification-array/btor2c-lazyMod.safe_arbitrated_fifos_n2d8w8.yml	true	Parsing OK	16.081418	6.037567157000012	894.263296
hardware-verification-array/btor2c-lazyMod.safe_linked_list_fifo_n2d4.yml	true	TIMEOUT	22.359369	7.497411741999997	1590.681600
hardware-verification-array/btor2c-lazyMod.unknown_ridecore_array.yml	true	TIMEOUT	20.486021	6.02292936500001	1612.189696
hardware-verification-array/btor2c-lazyMod.unsafe_arbitrated_fifos_n2d8w8.yml	false	Parsing OK	18.07156	6.170537367999998	790.134784
hardware-verification-array/btor2c-lazyMod.unsafe_linked_list_fifo_n2d4.yml	false	TIMEOUT (Parsing OK)	20.491022	6.999164934000021	1544.687616
hardware-verification-array/btor2c-lazyMod.unsafe_ridecore_array.yml	false	TIMEOUT	23.033849	7.186309505999986	2055.417856
hardware-verification-bv/btor2c-lazyMod.Heap.yml	true	TIMEOUT	21.791992	7.4435749980000026	827.777024
hardware-verification-bv/btor2c-lazyMod.Huffman_dec.yml	true	TIMEOUT	20.808287	10.882575029000009	620.220416
hardware-verification-bv/btor2c-lazyMod.Huffman_enc.yml	true	TIMEOUT	20.461999	11.309744493999972	619.044864
hardware-verification-bv/btor2c-lazyMod.adding.1.prop1-back-serstep.yml	false	TIMEOUT	20.692722	11.378836140999965	594.329600
hardware-verification-bv/btor2c-lazyMod.adding.1.prop1-func-interl.yml	false	TIMEOUT	20.426963	11.584254725999983	605.560832
hardware-verification-bv/btor2c-lazyMod.adding.2.prop1-back-serstep.yml	false	TIMEOUT	21.435553	11.078529099000036	602.148864
hardware-verification-bv/btor2c-lazyMod.adding.2.prop1-func-interl.yml	false	TIMEOUT	20.304706	11.528924318999998	584.843264
hardware-verification-bv/btor2c-lazyMod.adding.3.prop1-back-serstep.yml	false	TIMEOUT	20.62646	11.101059482999972	605.323264
hardware-verification-bv/btor2c-lazyMod.adding.3.prop1-func-interl.yml	false	TIMEOUT	21.005498	13.003127612000014	615.477248
hardware-verification-bv/btor2c-lazyMod.adding.4.prop1-back-serstep.yml	false	TIMEOUT	20.31225	11.675086326000041	598.065152
hardware-verification-bv/btor2c-lazyMod.adding.4.prop1-func-interl.yml	false	TIMEOUT	20.376148	11.387512350000009	591.826944
hardware-verification-bv/btor2c-lazyMod.adding.5.prop1-back-serstep.yml	false	TIMEOUT	20.861991	11.43944350800001	614.363136
hardware-verification-bv/btor2c-lazyMod.adding.5.prop1-func-interl.yml	false	TIMEOUT	20.298651	11.51716475400002	602.152960
hardware-verification-bv/btor2c-lazyMod.adding.6.prop1-back-serstep.yml	false	TIMEOUT	20.766521	11.18452443199999	595.673088
hardware-verification-bv/btor2c-lazyMod.adding.6.prop1-func-interl.yml	false	TIMEOUT	20.369586	11.401078009000003	598.839296
hardware-verification-bv/btor2c-lazyMod.anderson.1.prop1-back-serstep.yml	false	TIMEOUT	20.506905	10.863785031999953	670.076928
hardware-verification-bv/btor2c-lazyMod.anderson.1.prop1-func-interl.yml	false	TIMEOUT	20.217415	11.253720282000018	649.109504
hardware-verification-bv/btor2c-lazyMod.anderson.2.prop1-back-serstep.yml	true	TIMEOUT	20.088406	9.095320661000017	796.299264
hardware-verification-bv/btor2c-lazyMod.anderson.2.prop1-func-interl.yml	true	TIMEOUT	20.676035	10.626657729000044	765.689856
hardware-verification-bv/btor2c-lazyMod.anderson.3.prop1-back-serstep.yml	false	TIMEOUT	20.336918	8.903728897999997	788.303872
hardware-verification-bv/btor2c-lazyMod.anderson.3.prop1-func-interl.yml	false	TIMEOUT	20.705841	10.58650768299998	816.910336
hardware-verification-bv/btor2c-lazyMod.anderson.4.prop1-back-serstep.yml	true	TIMEOUT	20.15061	7.511965929000041	818.892800
hardware-verification-bv/btor2c-lazyMod.anderson.4.prop1-func-interl.yml	true				
hardware-verification-bv/btor2c-lazyMod.anderson.5.prop1-back-serstep.yml	false				
hardware-verification-bv/btor2c-lazyMod.anderson.5.prop1-func-interl.yml	false				
hardware-verification-bv/btor2c-lazyMod.anderson.6.prop1-back-serstep.yml	true				
hardware-verification-bv/btor2c-lazyMod.anderson.6.prop1-func-interl.yml	true				
hardware-verification-bv/btor2c-lazyMod.anderson.7.prop1-back-serstep.yml	false				
hardware-verification-bv/btor2c-lazyMod.anderson.7.prop1-func-interl.yml	false				
hardware-verification-bv/btor2c-lazyMod.anderson.8.prop1-back-serstep.yml	true				
hardware-verification-bv/btor2c-lazyMod.anderson.8.prop1-func-interl.yml	true				
hardware-verification-bv/btor2c-lazyMod.arbitrated_top_n2_w16_d128_e0.yml	false				
hardware-verification-bv/btor2c-lazyMod.arbitrated_top_n2_w16_d16_e0.yml	false				
hardware-verification-bv/btor2c-lazyMod.arbitrated_top_n2_w16_d32_e0.yml	false				
hardware-verification-bv/btor2c-lazyMod.arbitrated_top_n2_w16_d64_e0.yml	false				
hardware-verification-bv/btor2c-lazyMod.arbitrated_top_n2_w16_d8_e0.yml	false				
hardware-verification-bv/btor2c-lazyMod.arbitrated_top_n2_w32_d128_e0.yml	false				
hardware-verification-bv/btor2c-lazyMod.arbitrated_top_n2_w32_d16_e0.yml	false				
hardware-verification-bv/btor2c-lazyMod.arbitrated_top_n2_w32_d32_e0.yml	false				
hardware-verification-bv/btor2c-lazyMod.arbitrated_top_n2_w32_d64_e0.yml	false				
hardware-verification-bv/btor2c-lazyMod.arbitrated_top_n2_w32_d8_e0.yml	false				
hardware-verification-bv/btor2c-lazyMod.arbitrated_top_n2_w64_d128_e0.yml	false				
hardware-verification-bv/btor2c-lazyMod.arbitrated_top_n2_w64_d16_e0.yml	false				
hardware-verification-bv/btor2c-lazyMod.arbitrated_top_n2_w64_d32_e0.yml	false				
hardware-verification-bv/btor2c-lazyMod.arbitrated_top_n2_w64_d64_e0.yml	false				
hardware-verification-bv/btor2c-lazyMod.arbitrated_top_n2_w64_d8_e0.yml	false				
hardware-verification-bv/btor2c-lazyMod.arbitrated_top_n2_w8_d128_e0.yml	false				
hardware-verification-bv/btor2c-lazyMod.arbitrated_top_n2_w8_d16_e0.yml	false				
hardware-verification-bv/btor2c-lazyMod.arbitrated_top_n2_w8_d32_e0.yml	false				
hardware-verification-bv/btor2c-lazyMod.arbitrated_top_n2_w8_d64_e0.yml	false				
hardware-verification-bv/btor2c-lazyMod.arbitrated_top_n2_w8_d8_e0.yml	false				
hardware-verification-bv/btor2c-lazyMod.arbitrated_top_n3_w16_d128_e0.yml	false				
hardware-verification-bv/btor2c-lazyMod.arbitrated_top_n3_w16_d16_e0.yml	false				
hardware-verification-bv/btor2c-lazyMod.arbitrated_top_n3_w16_d32_e0.yml	false				
hardware-verification-bv/btor2c-lazyMod.arbitrated_top_n3_w16_d64_e0.yml	false				
hardware-verification-bv/btor2c-lazyMod.arbitrated_top_n3_w16_d8_e0.yml	false				
hardware-verification-bv/btor2c-lazyMod.arbitrated_top_n3_w32_d128_e0.yml	false				
hardware-verification-bv/btor2c-lazyMod.arbitrated_top_n3_w32_d16_e0.yml	false				
hardware-verification-bv/btor2c-lazyMod.arbitrated_top_n3_w32_d32_e0.yml	false				
hardware-verification-bv/btor2c-lazyMod.arbitrated_top_n3_w32_d64_e0.yml	false				
hardware-verification-bv/btor2c-lazyMod.arbitrated_top_n3_w32_d8_e0.yml	false				
hardware-verification-bv/btor2c-lazyMod.arbitrated_top_n3_w8_d128_e0.yml	false				
hardware-verification-bv/btor2c-lazyMod.arbitrated_top_n3_w8_d16_e0.yml	false				
hardware-verification-bv/btor2c-lazyMod.arbitrated_top_n3_w8_d32_e0.yml	false				
hardware-verification-bv/btor2c-lazyMod.arbitrated_top_n3_w8_d64_e0.yml	false				
hardware-verification-bv/btor2c-lazyMod.arbitrated_top_n3_w8_d8_e0.yml	false				
hardware-verification-bv/btor2c-lazyMod.arbitrated_top_n4_w16_d128_e0.yml	false				
hardware-verification-bv/btor2c-lazyMod.arbitrated_top_n4_w16_d16_e0.yml	false				
hardware-verification-bv/btor2c-lazyMod.arbitrated_top_n4_w16_d32_e0.yml	false				
hardware-verification-bv/btor2c-lazyMod.arbitrated_top_n4_w16_d64_e0.yml	false				
hardware-verification-bv/btor2c-lazyMod.arbitrated_top_n4_w16_d8_e0.yml	false				
hardware-verification-bv/btor2c-lazyMod.arbitrated_top_n4_w32_d128_e0.yml	false				
hardware-verification-bv/btor2c-lazyMod.arbitrated_top_n4_w32_d16_e0.yml	false				
hardware-verification-bv/btor2c-lazyMod.arbitrated_top_n4_w32_d32_e0.yml	false				
hardware-verification-bv/btor2c-lazyMod.arbitrated_top_n4_w32_d64_e0.yml	false				
hardware-verification-bv/btor2c-lazyMod.arbitrated_top_n4_w32_d8_e0.yml	false				
hardware-verification-bv/btor2c-lazyMod.arbitrated_top_n4_w8_d128_e0.yml	false				
hardware-verification-bv/btor2c-lazyMod.arbitrated_top_n4_w8_d16_e0.yml	false				
hardware-verification-bv/btor2c-lazyMod.arbitrated_top_n4_w8_d32_e0.yml	false				
hardware-verification-bv/btor2c-lazyMod.arbitrated_top_n4_w8_d64_e0.yml	false				
hardware-verification-bv/btor2c-lazyMod.arbitrated_top_n4_w8_d8_e0.yml	false				
hardware-verification-bv/btor2c-lazyMod.arbitrated_top_n5_w16_d128_e0.yml	false				
hardware-verification-bv/btor2c-lazyMod.arbitrated_top_n5_w16_d16_e0.yml	false				
hardware-verification-bv/btor2c-lazyMod.arbitrated_top_n5_w16_d32_e0.yml	false				
hardware-verification-bv/btor2c-lazyMod.arbitrated_top_n5_w16_d64_e0.yml	false				
hardware-verification-bv/btor2c-lazyMod.arbitrated_top_n5_w16_d8_e0.yml	false				
hardware-verification-bv/btor2c-lazyMod.arbitrated_top_n5_w8_d128_e0.yml	false				
hardware-verification-bv/btor2c-lazyMod.arbitrated_top_n5_w8_d16_e0.yml	false				
hardware-verification-bv/btor2c-lazyMod.arbitrated_top_n5_w8_d32_e0.yml	false				
hardware-verification-bv/btor2c-lazyMod.arbitrated_top_n5_w8_d64_e0.yml	false				
hardware-verification-bv/btor2c-lazyMod.arbitrated_top_n5_w8_d8_e0.yml	false				
hardware-verification-bv/btor2c-lazyMod.at.1.prop1-back-serstep.yml	true				
hardware-verification-bv/btor2c-lazyMod.at.1.prop1-func-interl.yml	true				
hardware-verification-bv/btor2c-lazyMod.at.2.prop1-back-serstep.yml	false				
hardware-verification-bv/btor2c-lazyMod.at.2.prop1-func-interl.yml	false				
hardware-verification-bv/btor2c-lazyMod.at.3.prop1-back-serstep.yml	false				
hardware-verification-bv/btor2c-lazyMod.at.3.prop1-func-interl.yml	false				
hardware-verification-bv/btor2c-lazyMod.at.4.prop1-back-serstep.yml	true				
hardware-verification-bv/btor2c-lazyMod.at.4.prop1-func-interl.yml	true				
hardware-verification-bv/btor2c-lazyMod.at.5.prop1-back-serstep.yml	true				
hardware-verification-bv/btor2c-lazyMod.at.5.prop1-func-interl.yml	true				
hardware-verification-bv/btor2c-lazyMod.at.6.prop1-back-serstep.yml	false				
hardware-verification-bv/btor2c-lazyMod.at.6.prop1-func-interl.yml	false				
hardware-verification-bv/btor2c-lazyMod.at.7.prop1-back-serstep.yml	true				
hardware-verification-bv/btor2c-lazyMod.at.7.prop1-func-interl.yml	true				
hardware-verification-bv/btor2c-lazyMod.bakery.1.prop1-back-serstep.yml	true				
hardware-verification-bv/btor2c-lazyMod.bakery.1.prop1-func-interl.yml	true				
hardware-verification-bv/btor2c-lazyMod.bakery.2.prop1-back-serstep.yml	false				
hardware-verification-bv/btor2c-lazyMod.bakery.2.prop1-func-interl.yml	false				
hardware-verification-bv/btor2c-lazyMod.bakery.3.prop1-back-serstep.yml	true				
hardware-verification-bv/btor2c-lazyMod.bakery.3.prop1-func-interl.yml	true				
hardware-verification-bv/btor2c-lazyMod.bakery.4.prop1-back-serstep.yml	false				
hardware-verification-bv/btor2c-lazyMod.bakery.4.prop1-func-interl.yml	false				
hardware-verification-bv/btor2c-lazyMod.bakery.5.prop1-back-serstep.yml	true				
hardware-verification-bv/btor2c-lazyMod.bakery.5.prop1-func-interl.yml	true				
hardware-verification-bv/btor2c-lazyMod.bakery.6.prop1-back-serstep.yml	false				
hardware-verification-bv/btor2c-lazyMod.bakery.6.prop1-func-interl.yml	false				
hardware-verification-bv/btor2c-lazyMod.bakery.7.prop1-back-serstep.yml	true				
hardware-verification-bv/btor2c-lazyMod.bakery.7.prop1-func-interl.yml	true				
hardware-verification-bv/btor2c-lazyMod.bakery.8.prop1-back-serstep.yml	true				
hardware-verification-bv/btor2c-lazyMod.bakery.8.prop1-func-interl.yml	true				
hardware-verification-bv/btor2c-lazyMod.bit-vector.yml	true				
hardware-verification-bv/btor2c-lazyMod.blocks.2.prop1-back-serstep.yml	true				
hardware-verification-bv/btor2c-lazyMod.blocks.2.prop1-func-interl.yml	true				
hardware-verification-bv/btor2c-lazyMod.blocks.3.prop1-back-serstep.yml	false				
hardware-verification-bv/btor2c-lazyMod.blocks.3.prop1-func-interl.yml	false				
hardware-verification-bv/btor2c-lazyMod.blocks.4.prop1-back-serstep.yml	false				
hardware-verification-bv/btor2c-lazyMod.blocks.4.prop1-func-interl.yml	false				
hardware-verification-bv/btor2c-lazyMod.bridge.1.prop1-back-serstep.yml	false				
hardware-verification-bv/btor2c-lazyMod.bridge.1.prop1-func-interl.yml	false				
hardware-verification-bv/btor2c-lazyMod.bridge.2.prop1-back-serstep.yml	false				
hardware-verification-bv/btor2c-lazyMod.bridge.2.prop1-func-interl.yml	false				
hardware-verification-bv/btor2c-lazyMod.bridge.3.prop1-back-serstep.yml	false				
hardware-verification-bv/btor2c-lazyMod.bridge.3.prop1-func-interl.yml	false				
hardware-verification-bv/btor2c-lazyMod.brp.1.prop1-back-serstep.yml	true				
hardware-verification-bv/btor2c-lazyMod.brp.1.prop1-func-interl.yml	true				
hardware-verification-bv/btor2c-lazyMod.brp.2.prop1-back-serstep.yml	false				
hardware-verification-bv/btor2c-lazyMod.brp.2.prop1-func-interl.yml	false				
hardware-verification-bv/btor2c-lazyMod.brp.3.prop1-back-serstep.yml	false				
hardware-verification-bv/btor2c-lazyMod.brp.3.prop1-func-interl.yml	false				
hardware-verification-bv/btor2c-lazyMod.brp.4.prop1-back-serstep.yml	false				
hardware-verification-bv/btor2c-lazyMod.brp.4.prop1-func-interl.yml	false				
hardware-verification-bv/btor2c-lazyMod.brp.5.prop1-back-serstep.yml	false				
hardware-verification-bv/btor2c-lazyMod.brp.5.prop1-func-interl.yml	false				
hardware-verification-bv/btor2c-lazyMod.brp.6.prop1-back-serstep.yml	false				
hardware-verification-bv/btor2c-lazyMod.brp.6.prop1-func-interl.yml	false				
hardware-verification-bv/btor2c-lazyMod.brp2.1.prop1-back-serstep.yml	false				
hardware-verification-bv/btor2c-lazyMod.brp2.1.prop1-func-interl.yml	false				
hardware-verification-bv/btor2c-lazyMod.brp2.1.prop2-back-serstep.yml	true				
hardware-verification-bv/btor2c-lazyMod.brp2.1.prop2-func-interl.yml	true				
hardware-verification-bv/btor2c-lazyMod.brp2.1.prop3-back-serstep.yml	true				
hardware-verification-bv/btor2c-lazyMod.brp2.1.prop3-func-interl.yml	true				
hardware-verification-bv/btor2c-lazyMod.brp2.2.prop1-back-serstep.yml	false				
hardware-verification-bv/btor2c-lazyMod.brp2.2.prop1-func-interl.yml	false				
hardware-verification-bv/btor2c-lazyMod.brp2.2.prop2-back-serstep.yml	true				
hardware-verification-bv/btor2c-lazyMod.brp2.2.prop2-func-interl.yml	true				
hardware-verification-bv/btor2c-lazyMod.brp2.2.prop3-back-serstep.yml	false				
hardware-verification-bv/btor2c-lazyMod.brp2.2.prop3-func-interl.yml	false				
hardware-verification-bv/btor2c-lazyMod.brp2.3.prop1-back-serstep.yml	false				
hardware-verification-bv/btor2c-lazyMod.brp2.3.prop1-func-interl.yml	false				
hardware-verification-bv/btor2c-lazyMod.brp2.3.prop2-back-serstep.yml	true				
hardware-verification-bv/btor2c-lazyMod.brp2.3.prop2-func-interl.yml	true				
hardware-verification-bv/btor2c-lazyMod.brp2.3.prop3-back-serstep.yml	true				
hardware-verification-bv/btor2c-lazyMod.brp2.3.prop3-func-interl.yml	true				
hardware-verification-bv/btor2c-lazyMod.brp2.4.prop1-back-serstep.yml	false				
hardware-verification-bv/btor2c-lazyMod.brp2.4.prop1-func-interl.yml	false				
hardware-verification-bv/btor2c-lazyMod.brp2.4.prop2-back-serstep.yml	true				
hardware-verification-bv/btor2c-lazyMod.brp2.4.prop2-func-interl.yml	true				
hardware-verification-bv/btor2c-lazyMod.brp2.4.prop3-back-serstep.yml	true				
hardware-verification-bv/btor2c-lazyMod.brp2.4.prop3-func-interl.yml	true				
hardware-verification-bv/btor2c-lazyMod.brp2.5.prop1-back-serstep.yml	false				
hardware-verification-bv/btor2c-lazyMod.brp2.5.prop1-func-interl.yml	false				
hardware-verification-bv/btor2c-lazyMod.brp2.5.prop2-back-serstep.yml	true				
hardware-verification-bv/btor2c-lazyMod.brp2.5.prop2-func-interl.yml	true				
hardware-verification-bv/btor2c-lazyMod.brp2.5.prop3-back-serstep.yml	true				
hardware-verification-bv/btor2c-lazyMod.brp2.5.prop3-func-interl.yml	true				
hardware-verification-bv/btor2c-lazyMod.brp2.6.prop1-back-serstep.yml	false				
hardware-verification-bv/btor2c-lazyMod.brp2.6.prop1-func-interl.yml	false				
hardware-verification-bv/btor2c-lazyMod.brp2.6.prop2-back-serstep.yml	true				
hardware-verification-bv/btor2c-lazyMod.brp2.6.prop2-func-interl.yml	true				
hardware-verification-bv/btor2c-lazyMod.brp2.6.prop3-back-serstep.yml	true				
hardware-verification-bv/btor2c-lazyMod.brp2.6.prop3-func-interl.yml	true				
hardware-verification-bv/btor2c-lazyMod.bug-1.yml	true				
hardware-verification-bv/btor2c-lazyMod.cache_coherence_three.yml	true				
hardware-verification-bv/btor2c-lazyMod.cache_coherence_two.yml	true				
hardware-verification-bv/btor2c-lazyMod.cal1.yml	true				
hardware-verification-bv/btor2c-lazyMod.cal10.yml	true				
hardware-verification-bv/btor2c-lazyMod.cal100.yml	true				
hardware-verification-bv/btor2c-lazyMod.cal101.yml	true				
hardware-verification-bv/btor2c-lazyMod.cal102.yml	true				
hardware-verification-bv/btor2c-lazyMod.cal103.yml	true				
hardware-verification-bv/btor2c-lazyMod.cal104.yml	true				
hardware-verification-bv/btor2c-lazyMod.cal105.yml	true				
hardware-verification-bv/btor2c-lazyMod.cal106.yml	true				
hardware-verification-bv/btor2c-lazyMod.cal107.yml	true				
hardware-verification-bv/btor2c-lazyMod.cal108.yml	true				
hardware-verification-bv/btor2c-lazyMod.cal109.yml	true				
hardware-verification-bv/btor2c-lazyMod.cal11.yml	true				
hardware-verification-bv/btor2c-lazyMod.cal110.yml	true				
hardware-verification-bv/btor2c-lazyMod.cal111.yml	true				
hardware-verification-bv/btor2c-lazyMod.cal112.yml	true				
hardware-verification-bv/btor2c-lazyMod.cal113.yml	true				
hardware-verification-bv/btor2c-lazyMod.cal114.yml	true				
hardware-verification-bv/btor2c-lazyMod.cal115.yml	true				
hardware-verification-bv/btor2c-lazyMod.cal116.yml	true				
hardware-verification-bv/btor2c-lazyMod.cal117.yml	true				
hardware-verification-bv/btor2c-lazyMod.cal118.yml	true				
hardware-verification-bv/btor2c-lazyMod.cal119.yml	true				
hardware-verification-bv/btor2c-lazyMod.cal12.yml	true				
hardware-verification-bv/btor2c-lazyMod.cal120.yml	true				
hardware-verification-bv/btor2c-lazyMod.cal121.yml	true				
hardware-verification-bv/btor2c-lazyMod.cal122.yml	true				
hardware-verification-bv/btor2c-lazyMod.cal123.yml	true				
hardware-verification-bv/btor2c-lazyMod.cal124.yml	true				
hardware-verification-bv/btor2c-lazyMod.cal125.yml	true				
hardware-verification-bv/btor2c-lazyMod.cal126.yml	true				
hardware-verification-bv/btor2c-lazyMod.cal127.yml	true				
hardware-verification-bv/btor2c-lazyMod.cal128.yml	true				
hardware-verification-bv/btor2c-lazyMod.cal129.yml	true				
hardware-verification-bv/btor2c-lazyMod.cal13.yml	true				
hardware-verification-bv/btor2c-lazyMod.cal130.yml	true				
hardware-verification-bv/btor2c-lazyMod.cal131.yml	true				
hardware-verification-bv/btor2c-lazyMod.cal132.yml	true				
hardware-verification-bv/btor2c-lazyMod.cal133.yml	true				
hardware-verification-bv/btor2c-lazyMod.cal134.yml	true				
hardware-verification-bv/btor2c-lazyMod.cal135.yml	true				
hardware-verification-bv/btor2c-lazyMod.cal136.yml	true				
hardware-verification-bv/btor2c-lazyMod.cal137.yml	true				
hardware-verification-bv/btor2c-lazyMod.cal138.yml	true				
hardware-verification-bv/btor2c-lazyMod.cal139.yml	true				
hardware-verification-bv/btor2c-lazyMod.cal14.yml	true				
hardware-verification-bv/btor2c-lazyMod.cal140.yml	true				
hardware-verification-bv/btor2c-lazyMod.cal141.yml	true				
hardware-verification-bv/btor2c-lazyMod.cal142.yml	true				
hardware-verification-bv/btor2c-lazyMod.cal143.yml	true				
hardware-verification-bv/btor2c-lazyMod.cal144.yml	true				
hardware-verification-bv/btor2c-lazyMod.cal145.yml	true				
hardware-verification-bv/btor2c-lazyMod.cal146.yml	true				
hardware-verification-bv/btor2c-lazyMod.cal147.yml	true				
hardware-verification-bv/btor2c-lazyMod.cal148.yml	true				
hardware-verification-bv/btor2c-lazyMod.cal149.yml	true				
hardware-verification-bv/btor2c-lazyMod.cal15.yml	true				
hardware-verification-bv/btor2c-lazyMod.cal150.yml	true				
hardware-verification-bv/btor2c-lazyMod.cal151.yml	true				
hardware-verification-bv/btor2c-lazyMod.cal152.yml	true				
hardware-verification-bv/btor2c-lazyMod.cal153.yml	true				
hardware-verification-bv/btor2c-lazyMod.cal154.yml	true				
hardware-verification-bv/btor2c-lazyMod.cal155.yml	true				
hardware-verification-bv/btor2c-lazyMod.cal156.yml	true				
hardware-verification-bv/btor2c-lazyMod.cal157.yml	true				
hardware-verification-bv/btor2c-lazyMod.cal158.yml	true				
hardware-verification-bv/btor2c-lazyMod.cal159.yml	true				
hardware-verification-bv/btor2c-lazyMod.cal16.yml	true				
hardware-verification-bv/btor2c-lazyMod.cal160.yml	true				
hardware-verification-bv/btor2c-lazyMod.cal161.yml	true				
hardware-verification-bv/btor2c-lazyMod.cal162.yml	true				
hardware-verification-bv/btor2c-lazyMod.cal163.yml	true				
hardware-verification-bv/btor2c-lazyMod.cal164.yml	true				
hardware-verification-bv/btor2c-lazyMod.cal165.yml	true				
hardware-verification-bv/btor2c-lazyMod.cal166.yml	true				
hardware-verification-bv/btor2c-lazyMod.cal167.yml	true				
hardware-verification-bv/btor2c-lazyMod.cal168.yml	true				
hardware-verification-bv/btor2c-lazyMod.cal169.yml	true				
hardware-verification-bv/btor2c-lazyMod.cal17.yml	true				
hardware-verification-bv/btor2c-lazyMod.cal170.yml	true				
hardware-verification-bv/btor2c-lazyMod.cal171.yml	true				
hardware-verification-bv/btor2c-lazyMod.cal172.yml	true				
hardware-verification-bv/btor2c-lazyMod.cal173.yml	true				
hardware-verification-bv/btor2c-lazyMod.cal174.yml	true				
hardware-verification-bv/btor2c-lazyMod.cal175.yml	true				
hardware-verification-bv/btor2c-lazyMod.cal176.yml	true				
hardware-verification-bv/btor2c-lazyMod.cal177.yml	true				
hardware-verification-bv/btor2c-lazyMod.cal178.yml	true				
hardware-verification-bv/btor2c-lazyMod.cal179.yml	true				
hardware-verification-bv/btor2c-lazyMod.cal18.yml	true				
hardware-verification-bv/btor2c-lazyMod.cal180.yml	true				
hardware-verification-bv/btor2c-lazyMod.cal181.yml	true				
hardware-verification-bv/btor2c-lazyMod.cal182.yml	true				
hardware-verification-bv/btor2c-lazyMod.cal183.yml	true				
hardware-verification-bv/btor2c-lazyMod.cal184.yml	true				
hardware-verification-bv/btor2c-lazyMod.cal185.yml	true				
hardware-verification-bv/btor2c-lazyMod.cal186.yml	true				
hardware-verification-bv/btor2c-lazyMod.cal187.yml	true				
hardware-verification-bv/btor2c-lazyMod.cal188.yml	true				
hardware-verification-bv/btor2c-lazyMod.cal189.yml	true				
hardware-verification-bv/btor2c-lazyMod.cal19.yml	true				
hardware-verification-bv/btor2c-lazyMod.cal190.yml	true				
hardware-verification-bv/btor2c-lazyMod.cal191.yml	true				
hardware-verification-bv/btor2c-lazyMod.cal192.yml	true				
hardware-verification-bv/btor2c-lazyMod.cal193.yml	true				
hardware-verification-bv/btor2c-lazyMod.cal194.yml	true				
hardware-verification-bv/btor2c-lazyMod.cal195.yml	true				
hardware-verification-bv/btor2c-lazyMod.cal196.yml	true				
hardware-verification-bv/btor2c-lazyMod.cal197.yml	true				
hardware-verification-bv/btor2c-lazyMod.cal198.yml	true				
hardware-verification-bv/btor2c-lazyMod.cal199.yml	true				
hardware-verification-bv/btor2c-lazyMod.cal2.yml	true				
hardware-verification-bv/btor2c-lazyMod.cal20.yml	true				
hardware-verification-bv/btor2c-lazyMod.cal200.yml	true				
hardware-verification-bv/btor2c-lazyMod.cal201.yml	true				
hardware-verification-bv/btor2c-lazyMod.cal202.yml	true				
hardware-verification-bv/btor2c-lazyMod.cal203.yml	true				
hardware-verification-bv/btor2c-lazyMod.cal204.yml	true				
hardware-verification-bv/btor2c-lazyMod.cal205.yml	true				
hardware-verification-bv/btor2c-lazyMod.cal206.yml	true				
hardware-verification-bv/btor2c-lazyMod.cal207.yml	true				
hardware-verification-bv/btor2c-lazyMod.cal208.yml	true				
hardware-verification-bv/btor2c-lazyMod.cal209.yml	true				
hardware-verification-bv/btor2c-lazyMod.cal21.yml	true				
hardware-verification-bv/btor2c-lazyMod.cal210.yml	true				
hardware-verification-bv/btor2c-lazyMod.cal211.yml	true				
hardware-verification-bv/btor2c-lazyMod.cal212.yml	true				
hardware-verification-bv/btor2c-lazyMod.cal213.yml	true				
hardware-verification-bv/btor2c-lazyMod.cal214.yml	true				
hardware-verification-bv/btor2c-lazyMod.cal215.yml	true				
hardware-verification-bv/btor2c-lazyMod.cal216.yml	true				
hardware-verification-bv/btor2c-lazyMod.cal217.yml	true				
hardware-verification-bv/btor2c-lazyMod.cal218.yml	true				
hardware-verification-bv/btor2c-lazyMod.cal219.yml	true				
hardware-verification-bv/btor2c-lazyMod.cal22.yml	true				
hardware-verification-bv/btor2c-lazyMod.cal220.yml	true				
hardware-verification-bv/btor2c-lazyMod.cal221.yml	true				
hardware-verification-bv/btor2c-lazyMod.cal222.yml	true				
hardware-verification-bv/btor2c-lazyMod.cal223.yml	true				
hardware-verification-bv/btor2c-lazyMod.cal224.yml	true				
hardware-verification-bv/btor2c-lazyMod.cal225.yml	true				
hardware-verification-bv/btor2c-lazyMod.cal226.yml	true				
hardware-verification-bv/btor2c-lazyMod.cal227.yml	true				
hardware-verification-bv/btor2c-lazyMod.cal228.yml	true				
hardware-verification-bv/btor2c-lazyMod.cal229.yml	true				
hardware-verification-bv/btor2c-lazyMod.cal23.yml	true				
hardware-verification-bv/btor2c-lazyMod.cal230.yml	true				
hardware-verification-bv/btor2c-lazyMod.cal231.yml	true				
hardware-verification-bv/btor2c-lazyMod.cal232.yml	true				
hardware-verification-bv/btor2c-lazyMod.cal233.yml	true				
hardware-verification-bv/btor2c-lazyMod.cal234.yml	true				
hardware-verification-bv/btor2c-lazyMod.cal235.yml	true				
hardware-verification-bv/btor2c-lazyMod.cal24.yml	true				
hardware-verification-bv/btor2c-lazyMod.cal25.yml	true				
hardware-verification-bv/btor2c-lazyMod.cal26.yml	true				
hardware-verification-bv/btor2c-lazyMod.cal27.yml	true				
hardware-verification-bv/btor2c-lazyMod.cal28.yml	true				
hardware-verification-bv/btor2c-lazyMod.cal29.yml	true				
hardware-verification-bv/btor2c-lazyMod.cal3.yml	true				
hardware-verification-bv/btor2c-lazyMod.cal30.yml	true				
hardware-verification-bv/btor2c-lazyMod.cal31.yml	true				
hardware-verification-bv/btor2c-lazyMod.cal32.yml	true				
hardware-verification-bv/btor2c-lazyMod.cal33.yml	true				
hardware-verification-bv/btor2c-lazyMod.cal34.yml	true				
hardware-verification-bv/btor2c-lazyMod.cal35.yml	true				
hardware-verification-bv/btor2c-lazyMod.cal36.yml	true				
hardware-verification-bv/btor2c-lazyMod.cal37.yml	true				
hardware-verification-bv/btor2c-lazyMod.cal38.yml	true				
hardware-verification-bv/btor2c-lazyMod.cal39.yml	true				
hardware-verification-bv/btor2c-lazyMod.cal4.yml	true				
hardware-verification-bv/btor2c-lazyMod.cal40.yml	true				
hardware-verification-bv/btor2c-lazyMod.cal41.yml	true				
hardware-verification-bv/btor2c-lazyMod.cal42.yml	true				
hardware-verification-bv/btor2c-lazyMod.cal43.yml	true				
hardware-verification-bv/btor2c-lazyMod.cal44.yml	true				
hardware-verification-bv/btor2c-lazyMod.cal45.yml	true				
hardware-verification-bv/btor2c-lazyMod.cal46.yml	true				
hardware-verification-bv/btor2c-lazyMod.cal47.yml	true				
hardware-verification-bv/btor2c-lazyMod.cal48.yml	true				
hardware-verification-bv/btor2c-lazyMod.cal49.yml	true				
hardware-verification-bv/btor2c-lazyMod.cal5.yml	true				
hardware-verification-bv/btor2c-lazyMod.cal50.yml	true				
hardware-verification-bv/btor2c-lazyMod.cal51.yml	true				
hardware-verification-bv/btor2c-lazyMod.cal52.yml	true				
hardware-verification-bv/btor2c-lazyMod.cal53.yml	true				
hardware-verification-bv/btor2c-lazyMod.cal54.yml	true				
hardware-verification-bv/btor2c-lazyMod.cal55.yml	true				
hardware-verification-bv/btor2c-lazyMod.cal56.yml	true				
hardware-verification-bv/btor2c-lazyMod.cal57.yml	true				
hardware-verification-bv/btor2c-lazyMod.cal58.yml	true				
hardware-verification-bv/btor2c-lazyMod.cal59.yml	true				
hardware-verification-bv/btor2c-lazyMod.cal6.yml	true				
hardware-verification-bv/btor2c-lazyMod.cal60.yml	true				
hardware-verification-bv/btor2c-lazyMod.cal61.yml	true				
hardware-verification-bv/btor2c-lazyMod.cal62.yml	true				
hardware-verification-bv/btor2c-lazyMod.cal63.yml	true				
hardware-verification-bv/btor2c-lazyMod.cal64.yml	true				
hardware-verification-bv/btor2c-lazyMod.cal65.yml	true				
hardware-verification-bv/btor2c-lazyMod.cal66.yml	true				
hardware-verification-bv/btor2c-lazyMod.cal67.yml	true				
hardware-verification-bv/btor2c-lazyMod.cal68.yml	true				
hardware-verification-bv/btor2c-lazyMod.cal69.yml	true				
hardware-verification-bv/btor2c-lazyMod.cal7.yml	true				
hardware-verification-bv/btor2c-lazyMod.cal70.yml	true				
hardware-verification-bv/btor2c-lazyMod.cal71.yml	true				
hardware-verification-bv/btor2c-lazyMod.cal72.yml	true				
hardware-verification-bv/btor2c-lazyMod.cal73.yml	true				
hardware-verification-bv/btor2c-lazyMod.cal74.yml	true				
hardware-verification-bv/btor2c-lazyMod.cal75.yml	true				
hardware-verification-bv/btor2c-lazyMod.cal76.yml	true				
hardware-verification-bv/btor2c-lazyMod.cal77.yml	true				
hardware-verification-bv/btor2c-lazyMod.cal78.yml	true				
hardware-verification-bv/btor2c-lazyMod.cal79.yml	true				
hardware-verification-bv/btor2c-lazyMod.cal8.yml	true				
hardware-verification-bv/btor2c-lazyMod.cal80.yml	true				
hardware-verification-bv/btor2c-lazyMod.cal81.yml	true				
hardware-verification-bv/btor2c-lazyMod.cal82.yml	true				
hardware-verification-bv/btor2c-lazyMod.cal83.yml	true				
hardware-verification-bv/btor2c-lazyMod.cal84.yml	true				
hardware-verification-bv/btor2c-lazyMod.cal85.yml	true				
hardware-verification-bv/btor2c-lazyMod.cal86.yml	true				
hardware-verification-bv/btor2c-lazyMod.cal87.yml	true				
hardware-verification-bv/btor2c-lazyMod.cal88.yml	true				
hardware-verification-bv/btor2c-lazyMod.cal89.yml	true				
hardware-verification-bv/btor2c-lazyMod.cal9.yml	true				
hardware-verification-bv/btor2c-lazyMod.cal90.yml	true				
hardware-verification-bv/btor2c-lazyMod.cal91.yml	true				
hardware-verification-bv/btor2c-lazyMod.cal92.yml	true				
hardware-verification-bv/btor2c-lazyMod.cal93.yml	true				
hardware-verification-bv/btor2c-lazyMod.cal94.yml	true				
hardware-verification-bv/btor2c-lazyMod.cal95.yml	true				
hardware-verification-bv/btor2c-lazyMod.cal96.yml	true				
hardware-verification-bv/btor2c-lazyMod.cal97.yml	true				
hardware-verification-bv/btor2c-lazyMod.cal98.yml	true				
hardware-verification-bv/btor2c-lazyMod.cal99.yml	true				
hardware-verification-bv/btor2c-lazyMod.cambridge.1.prop1-back-serstep.yml	true				
hardware-verification-bv/btor2c-lazyMod.cambridge.1.prop1-func-interl.yml	true				
hardware-verification-bv/btor2c-lazyMod.cambridge.1.prop2-back-serstep.yml	true				
hardware-verification-bv/btor2c-lazyMod.cambridge.1.prop2-func-interl.yml	true				
hardware-verification-bv/btor2c-lazyMod.cambridge.2.prop1-back-serstep.yml	false				
hardware-verification-bv/btor2c-lazyMod.cambridge.2.prop1-func-interl.yml	false				
hardware-verification-bv/btor2c-lazyMod.cambridge.2.prop2-back-serstep.yml	true				
hardware-verification-bv/btor2c-lazyMod.cambridge.2.prop2-func-interl.yml	true				
hardware-verification-bv/btor2c-lazyMod.cambridge.3.prop1-back-serstep.yml	true				
hardware-verification-bv/btor2c-lazyMod.cambridge.3.prop1-func-interl.yml	true				
hardware-verification-bv/btor2c-lazyMod.cambridge.3.prop2-back-serstep.yml	true				
hardware-verification-bv/btor2c-lazyMod.cambridge.3.prop2-func-interl.yml	true				
hardware-verification-bv/btor2c-lazyMod.cambridge.4.prop1-back-serstep.yml	true				
hardware-verification-bv/btor2c-lazyMod.cambridge.4.prop1-func-interl.yml	true				
hardware-verification-bv/btor2c-lazyMod.cambridge.4.prop2-back-serstep.yml	true				
hardware-verification-bv/btor2c-lazyMod.cambridge.4.prop2-func-interl.yml	true				
hardware-verification-bv/btor2c-lazyMod.cambridge.5.prop1-back-serstep.yml	true				
hardware-verification-bv/btor2c-lazyMod.cambridge.5.prop1-func-interl.yml	true				
hardware-verification-bv/btor2c-lazyMod.cambridge.5.prop2-back-serstep.yml	true				
hardware-verification-bv/btor2c-lazyMod.cambridge.5.prop2-func-interl.yml	true				
hardware-verification-bv/btor2c-lazyMod.cambridge.6.prop1-back-serstep.yml	false				
hardware-verification-bv/btor2c-lazyMod.cambridge.6.prop1-func-interl.yml	false				
hardware-verification-bv/btor2c-lazyMod.cambridge.6.prop2-back-serstep.yml	true				
hardware-verification-bv/btor2c-lazyMod.cambridge.6.prop2-func-interl.yml	true				
hardware-verification-bv/btor2c-lazyMod.cambridge.7.prop1-back-serstep.yml	false				
hardware-verification-bv/btor2c-lazyMod.cambridge.7.prop1-func-interl.yml	false				
hardware-verification-bv/btor2c-lazyMod.cambridge.7.prop2-back-serstep.yml	true				
hardware-verification-bv/btor2c-lazyMod.cambridge.7.prop2-func-interl.yml	true				
hardware-verification-bv/btor2c-lazyMod.cav14_example.yml	true				
hardware-verification-bv/btor2c-lazyMod.cav14_example_v.yml	false				
hardware-verification-bv/btor2c-lazyMod.circular_pointer_top_w128_d128_e0.yml	false				
hardware-verification-bv/btor2c-lazyMod.circular_pointer_top_w128_d16_e0.yml	false				
hardware-verification-bv/btor2c-lazyMod.circular_pointer_top_w128_d32_e0.yml	false				
hardware-verification-bv/btor2c-lazyMod.circular_pointer_top_w128_d64_e0.yml	false				
hardware-verification-bv/btor2c-lazyMod.circular_pointer_top_w128_d8_e0.yml	false				
hardware-verification-bv/btor2c-lazyMod.circular_pointer_top_w16_d128_e0.yml	false				
hardware-verification-bv/btor2c-lazyMod.circular_pointer_top_w16_d16_e0.yml	false				
hardware-verification-bv/btor2c-lazyMod.circular_pointer_top_w16_d32_e0.yml	false				
hardware-verification-bv/btor2c-lazyMod.circular_pointer_top_w16_d64_e0.yml	false				
hardware-verification-bv/btor2c-lazyMod.circular_pointer_top_w16_d8_e0.yml	false				
hardware-verification-bv/btor2c-lazyMod.circular_pointer_top_w32_d128_e0.yml	false				
hardware-verification-bv/btor2c-lazyMod.circular_pointer_top_w32_d16_e0.yml	false				
hardware-verification-bv/btor2c-lazyMod.circular_pointer_top_w32_d32_e0.yml	false				
hardware-verification-bv/btor2c-lazyMod.circular_pointer_top_w32_d64_e0.yml	false				
hardware-verification-bv/btor2c-lazyMod.circular_pointer_top_w32_d8_e0.yml	false				
hardware-verification-bv/btor2c-lazyMod.circular_pointer_top_w64_d128_e0.yml	false				
hardware-verification-bv/btor2c-lazyMod.circular_pointer_top_w64_d16_e0.yml	false				
hardware-verification-bv/btor2c-lazyMod.circular_pointer_top_w64_d32_e0.yml	false				
hardware-verification-bv/btor2c-lazyMod.circular_pointer_top_w64_d64_e0.yml	false				
hardware-verification-bv/btor2c-lazyMod.circular_pointer_top_w64_d8_e0.yml	false				
hardware-verification-bv/btor2c-lazyMod.circular_pointer_top_w8_d128_e0.yml	false				
hardware-verification-bv/btor2c-lazyMod.circular_pointer_top_w8_d16_e0.yml	false				
hardware-verification-bv/btor2c-lazyMod.circular_pointer_top_w8_d32_e0.yml	false				
hardware-verification-bv/btor2c-lazyMod.circular_pointer_top_w8_d64_e0.yml	false				
hardware-verification-bv/btor2c-lazyMod.circular_pointer_top_w8_d8_e0.yml	false				
hardware-verification-bv/btor2c-lazyMod.client_server.yml	true				
hardware-verification-bv/btor2c-lazyMod.collision.1.prop1-back-serstep.yml	true				
hardware-verification-bv/btor2c-lazyMod.collision.1.prop1-func-interl.yml	true				
hardware-verification-bv/btor2c-lazyMod.collision.2.prop1-back-serstep.yml	false				
hardware-verification-bv/btor2c-lazyMod.collision.2.prop1-func-interl.yml	false				
hardware-verification-bv/btor2c-lazyMod.collision.3.prop1-back-serstep.yml	true				
hardware-verification-bv/btor2c-lazyMod.collision.3.prop1-func-interl.yml	true				
hardware-verification-bv/btor2c-lazyMod.collision.4.prop1-back-serstep.yml	true				
hardware-verification-bv/btor2c-lazyMod.collision.4.prop1-func-interl.yml	true				
hardware-verification-bv/btor2c-lazyMod.collision.5.prop1-back-serstep.yml	false				
hardware-verification-bv/btor2c-lazyMod.collision.5.prop1-func-interl.yml	false				
hardware-verification-bv/btor2c-lazyMod.collision.6.prop1-back-serstep.yml	true				
hardware-verification-bv/btor2c-lazyMod.collision.6.prop1-func-interl.yml	true				
hardware-verification-bv/btor2c-lazyMod.count2.yml	false				
hardware-verification-bv/btor2c-lazyMod.count4.yml	false				
hardware-verification-bv/btor2c-lazyMod.counter.yml	true				
hardware-verification-bv/btor2c-lazyMod.counter_v.yml	false				
hardware-verification-bv/btor2c-lazyMod.cyclic_scheduler.1.prop1-back-serstep.yml	true				
hardware-verification-bv/btor2c-lazyMod.cyclic_scheduler.1.prop1-func-interl.yml	true				
hardware-verification-bv/btor2c-lazyMod.cyclic_scheduler.2.prop1-back-serstep.yml	false				
hardware-verification-bv/btor2c-lazyMod.cyclic_scheduler.2.prop1-func-interl.yml	false				
hardware-verification-bv/btor2c-lazyMod.cyclic_scheduler.3.prop1-back-serstep.yml	true				
hardware-verification-bv/btor2c-lazyMod.cyclic_scheduler.3.prop1-func-interl.yml	true				
hardware-verification-bv/btor2c-lazyMod.cyclic_scheduler.4.prop1-back-serstep.yml	false				
hardware-verification-bv/btor2c-lazyMod.cyclic_scheduler.4.prop1-func-interl.yml	false				
hardware-verification-bv/btor2c-lazyMod.diagonal.yml	true				
hardware-verification-bv/btor2c-lazyMod.diagonal_v.yml	false				
hardware-verification-bv/btor2c-lazyMod.driving_phils.1.prop1-back-serstep.yml	false				
hardware-verification-bv/btor2c-lazyMod.driving_phils.1.prop1-func-interl.yml	false				
hardware-verification-bv/btor2c-lazyMod.driving_phils.2.prop1-back-serstep.yml	false				
hardware-verification-bv/btor2c-lazyMod.driving_phils.2.prop1-func-interl.yml	false				
hardware-verification-bv/btor2c-lazyMod.driving_phils.3.prop1-back-serstep.yml	false				
hardware-verification-bv/btor2c-lazyMod.driving_phils.3.prop1-func-interl.yml	false				
hardware-verification-bv/btor2c-lazyMod.driving_phils.4.prop1-back-serstep.yml	false				
hardware-verification-bv/btor2c-lazyMod.driving_phils.4.prop1-func-interl.yml	false				
hardware-verification-bv/btor2c-lazyMod.driving_phils.5.prop1-back-serstep.yml	false				
hardware-verification-bv/btor2c-lazyMod.driving_phils.5.prop1-func-interl.yml	false				
hardware-verification-bv/btor2c-lazyMod.dyn_partition.yml	false				
hardware-verification-bv/btor2c-lazyMod.elevator.1.prop1-back-serstep.yml	true				
hardware-verification-bv/btor2c-lazyMod.elevator.1.prop1-func-interl.yml	true				
hardware-verification-bv/btor2c-lazyMod.elevator.2.prop1-back-serstep.yml	true				
hardware-verification-bv/btor2c-lazyMod.elevator.2.prop1-func-interl.yml	true				
hardware-verification-bv/btor2c-lazyMod.elevator.3.prop1-back-serstep.yml	true				
hardware-verification-bv/btor2c-lazyMod.elevator.3.prop1-func-interl.yml	true				
hardware-verification-bv/btor2c-lazyMod.elevator.4.prop1-back-serstep.yml	true				
hardware-verification-bv/btor2c-lazyMod.elevator.4.prop1-func-interl.yml	true				
hardware-verification-bv/btor2c-lazyMod.elevator.5.prop1-back-serstep.yml	true				
hardware-verification-bv/btor2c-lazyMod.elevator.5.prop1-func-interl.yml	true				
hardware-verification-bv/btor2c-lazyMod.elevator_planning.1.prop1-back-serstep.yml	false				
hardware-verification-bv/btor2c-lazyMod.elevator_planning.1.prop1-func-interl.yml	false				
hardware-verification-bv/btor2c-lazyMod.elevator_planning.2.prop1-back-serstep.yml	false				
hardware-verification-bv/btor2c-lazyMod.elevator_planning.2.prop1-func-interl.yml	false				
hardware-verification-bv/btor2c-lazyMod.elevator_planning.3.prop1-back-serstep.yml	false				
hardware-verification-bv/btor2c-lazyMod.elevator_planning.3.prop1-func-interl.yml	false				
hardware-verification-bv/btor2c-lazyMod.eq_sdp_v1.yml	true				
hardware-verification-bv/btor2c-lazyMod.eq_sdp_v2.yml	true				
hardware-verification-bv/btor2c-lazyMod.eq_sdp_v3.yml	false				
hardware-verification-bv/btor2c-lazyMod.eq_sdp_v4.yml	true				
hardware-verification-bv/btor2c-lazyMod.eq_sdp_v5.yml	false				
hardware-verification-bv/btor2c-lazyMod.eq_sdp_v6.yml	true				
hardware-verification-bv/btor2c-lazyMod.eq_sdp_v7.yml	false				
hardware-verification-bv/btor2c-lazyMod.ethernet.yml	false				
hardware-verification-bv/btor2c-lazyMod.exit.1.prop1-back-serstep.yml	true				
hardware-verification-bv/btor2c-lazyMod.exit.1.prop1-func-interl.yml	true				
hardware-verification-bv/btor2c-lazyMod.exit.2.prop1-back-serstep.yml	true				
hardware-verification-bv/btor2c-lazyMod.exit.2.prop1-func-interl.yml	true				
hardware-verification-bv/btor2c-lazyMod.exit.3.prop1-back-serstep.yml	true				
hardware-verification-bv/btor2c-lazyMod.exit.3.prop1-func-interl.yml	true				
hardware-verification-bv/btor2c-lazyMod.exit.4.prop1-back-serstep.yml	false				
hardware-verification-bv/btor2c-lazyMod.exit.4.prop1-func-interl.yml	false				
hardware-verification-bv/btor2c-lazyMod.exit.5.prop1-back-serstep.yml	true				
hardware-verification-bv/btor2c-lazyMod.exit.5.prop1-func-interl.yml	true				
hardware-verification-bv/btor2c-lazyMod.extinction.1.prop1-back-serstep.yml	true				
hardware-verification-bv/btor2c-lazyMod.extinction.1.prop1-func-interl.yml	true				
hardware-verification-bv/btor2c-lazyMod.extinction.2.prop1-back-serstep.yml	true				
hardware-verification-bv/btor2c-lazyMod.extinction.2.prop1-func-interl.yml	true				
hardware-verification-bv/btor2c-lazyMod.extinction.3.prop1-back-serstep.yml	false				
hardware-verification-bv/btor2c-lazyMod.extinction.3.prop1-func-interl.yml	false				
hardware-verification-bv/btor2c-lazyMod.extinction.4.prop1-back-serstep.yml	true				
hardware-verification-bv/btor2c-lazyMod.extinction.4.prop1-func-interl.yml	true				
hardware-verification-bv/btor2c-lazyMod.factorial4even.yml	false				
hardware-verification-bv/btor2c-lazyMod.firewire_tree.1.prop1-back-serstep.yml	true				
hardware-verification-bv/btor2c-lazyMod.firewire_tree.1.prop1-func-interl.yml	true				
hardware-verification-bv/btor2c-lazyMod.firewire_tree.1.prop2-back-serstep.yml	true				
hardware-verification-bv/btor2c-lazyMod.firewire_tree.1.prop2-func-interl.yml	true				
hardware-verification-bv/btor2c-lazyMod.firewire_tree.1.prop3-back-serstep.yml	true				
hardware-verification-bv/btor2c-lazyMod.firewire_tree.1.prop3-func-interl.yml	true				
hardware-verification-bv/btor2c-lazyMod.firewire_tree.2.prop1-back-serstep.yml	true				
hardware-verification-bv/btor2c-lazyMod.firewire_tree.2.prop1-func-interl.yml	true				
hardware-verification-bv/btor2c-lazyMod.firewire_tree.2.prop2-back-serstep.yml	true				
hardware-verification-bv/btor2c-lazyMod.firewire_tree.2.prop2-func-interl.yml	true				
hardware-verification-bv/btor2c-lazyMod.firewire_tree.2.prop3-back-serstep.yml	false				
hardware-verification-bv/btor2c-lazyMod.firewire_tree.2.prop3-func-interl.yml	false				
hardware-verification-bv/btor2c-lazyMod.firewire_tree.3.prop1-back-serstep.yml	true				
hardware-verification-bv/btor2c-lazyMod.firewire_tree.3.prop1-func-interl.yml	true				
hardware-verification-bv/btor2c-lazyMod.firewire_tree.3.prop2-back-serstep.yml	true				
hardware-verification-bv/btor2c-lazyMod.firewire_tree.3.prop2-func-interl.yml	true				
hardware-verification-bv/btor2c-lazyMod.firewire_tree.3.prop3-back-serstep.yml	true				
hardware-verification-bv/btor2c-lazyMod.firewire_tree.3.prop3-func-interl.yml	true				
hardware-verification-bv/btor2c-lazyMod.firewire_tree.4.prop1-back-serstep.yml	true				
hardware-verification-bv/btor2c-lazyMod.firewire_tree.4.prop1-func-interl.yml	true				
hardware-verification-bv/btor2c-lazyMod.firewire_tree.4.prop2-back-serstep.yml	true				
hardware-verification-bv/btor2c-lazyMod.firewire_tree.4.prop2-func-interl.yml	true				
hardware-verification-bv/btor2c-lazyMod.firewire_tree.4.prop3-back-serstep.yml	false				
hardware-verification-bv/btor2c-lazyMod.firewire_tree.4.prop3-func-interl.yml	false				
hardware-verification-bv/btor2c-lazyMod.firewire_tree.5.prop1-back-serstep.yml	true				
hardware-verification-bv/btor2c-lazyMod.firewire_tree.5.prop1-func-interl.yml	true				
hardware-verification-bv/btor2c-lazyMod.firewire_tree.5.prop2-back-serstep.yml	true				
hardware-verification-bv/btor2c-lazyMod.firewire_tree.5.prop2-func-interl.yml	true				
hardware-verification-bv/btor2c-lazyMod.firewire_tree.5.prop3-back-serstep.yml	true				
hardware-verification-bv/btor2c-lazyMod.firewire_tree.5.prop3-func-interl.yml	true				
hardware-verification-bv/btor2c-lazyMod.fischer.1.prop1-back-serstep.yml	true				
hardware-verification-bv/btor2c-lazyMod.fischer.1.prop1-func-interl.yml	true				
hardware-verification-bv/btor2c-lazyMod.fischer.2.prop1-back-serstep.yml	false				
hardware-verification-bv/btor2c-lazyMod.fischer.2.prop1-func-interl.yml	false				
hardware-verification-bv/btor2c-lazyMod.fischer.3.prop1-back-serstep.yml	false				
hardware-verification-bv/btor2c-lazyMod.fischer.3.prop1-func-interl.yml	false				
hardware-verification-bv/btor2c-lazyMod.fischer.4.prop1-back-serstep.yml	true				
hardware-verification-bv/btor2c-lazyMod.fischer.4.prop1-func-interl.yml	true				
hardware-verification-bv/btor2c-lazyMod.fischer.5.prop1-back-serstep.yml	false				
hardware-verification-bv/btor2c-lazyMod.fischer.5.prop1-func-interl.yml	false				
hardware-verification-bv/btor2c-lazyMod.fischer.6.prop1-back-serstep.yml	true				
hardware-verification-bv/btor2c-lazyMod.fischer.6.prop1-func-interl.yml	true				
hardware-verification-bv/btor2c-lazyMod.fischer.7.prop1-back-serstep.yml	false				
hardware-verification-bv/btor2c-lazyMod.fischer.7.prop1-func-interl.yml	false				
hardware-verification-bv/btor2c-lazyMod.frogs.1.prop1-back-serstep.yml	false				
hardware-verification-bv/btor2c-lazyMod.frogs.1.prop1-func-interl.yml	false				
hardware-verification-bv/btor2c-lazyMod.frogs.2.prop1-back-serstep.yml	false				
hardware-verification-bv/btor2c-lazyMod.frogs.2.prop1-func-interl.yml	false				
hardware-verification-bv/btor2c-lazyMod.frogs.3.prop1-back-serstep.yml	false				
hardware-verification-bv/btor2c-lazyMod.frogs.3.prop1-func-interl.yml	false				
hardware-verification-bv/btor2c-lazyMod.frogs.4.prop1-back-serstep.yml	false				
hardware-verification-bv/btor2c-lazyMod.frogs.4.prop1-func-interl.yml	false				
hardware-verification-bv/btor2c-lazyMod.frogs.5.prop1-back-serstep.yml	true				
hardware-verification-bv/btor2c-lazyMod.frogs.5.prop1-func-interl.yml	true				
hardware-verification-bv/btor2c-lazyMod.gear.1.prop1-back-serstep.yml	false				
hardware-verification-bv/btor2c-lazyMod.gear.1.prop1-func-interl.yml	false				
hardware-verification-bv/btor2c-lazyMod.gear.1.prop2-back-serstep.yml	false				
hardware-verification-bv/btor2c-lazyMod.gear.1.prop2-func-interl.yml	false				
hardware-verification-bv/btor2c-lazyMod.gear.1.prop3-back-serstep.yml	false				
hardware-verification-bv/btor2c-lazyMod.gear.1.prop3-func-interl.yml	false				
hardware-verification-bv/btor2c-lazyMod.gear.1.prop4-back-serstep.yml	false				
hardware-verification-bv/btor2c-lazyMod.gear.1.prop4-func-interl.yml	false				
hardware-verification-bv/btor2c-lazyMod.gear.2.prop1-back-serstep.yml	false				
hardware-verification-bv/btor2c-lazyMod.gear.2.prop1-func-interl.yml	false				
hardware-verification-bv/btor2c-lazyMod.gear.2.prop2-back-serstep.yml	false				
hardware-verification-bv/btor2c-lazyMod.gear.2.prop2-func-interl.yml	false				
hardware-verification-bv/btor2c-lazyMod.gear.2.prop3-back-serstep.yml	false				
hardware-verification-bv/btor2c-lazyMod.gear.2.prop3-func-interl.yml	false				
hardware-verification-bv/btor2c-lazyMod.gear.2.prop4-back-serstep.yml	false				
hardware-verification-bv/btor2c-lazyMod.gear.2.prop4-func-interl.yml	false				
hardware-verification-bv/btor2c-lazyMod.h_Arbiter.yml	true				
hardware-verification-bv/btor2c-lazyMod.h_Barrel.yml	true				
hardware-verification-bv/btor2c-lazyMod.h_BufAl.yml	true				
hardware-verification-bv/btor2c-lazyMod.h_CRC.yml	false				
hardware-verification-bv/btor2c-lazyMod.h_Dekker.yml	true				
hardware-verification-bv/btor2c-lazyMod.h_FIFO.yml	false				
hardware-verification-bv/btor2c-lazyMod.h_FourbyFour.yml	true				
hardware-verification-bv/btor2c-lazyMod.h_Ibuf.yml	true				
hardware-verification-bv/btor2c-lazyMod.h_RCU.yml	true				
hardware-verification-bv/btor2c-lazyMod.h_Rrobin.yml	true				
hardware-verification-bv/btor2c-lazyMod.h_Spinner.yml	true				
hardware-verification-bv/btor2c-lazyMod.h_TicTacToe.yml	true				
hardware-verification-bv/btor2c-lazyMod.h_TreeArb.yml	true				
hardware-verification-bv/btor2c-lazyMod.h_Vending.yml	true				
hardware-verification-bv/btor2c-lazyMod.h_Vlunc.yml	true				
hardware-verification-bv/btor2c-lazyMod.h_Vsa16.yml	true				
hardware-verification-bv/btor2c-lazyMod.h_b02.yml	true				
hardware-verification-bv/btor2c-lazyMod.h_b03.yml	true				
hardware-verification-bv/btor2c-lazyMod.h_b04.yml	true				
hardware-verification-bv/btor2c-lazyMod.h_b05.yml	false				
hardware-verification-bv/btor2c-lazyMod.h_b06.yml	true				
hardware-verification-bv/btor2c-lazyMod.h_b07.yml	true				
hardware-verification-bv/btor2c-lazyMod.h_b08.yml	true				
hardware-verification-bv/btor2c-lazyMod.h_segments.yml	true				
hardware-verification-bv/btor2c-lazyMod.h_traffic_light_example.yml	true				
hardware-verification-bv/btor2c-lazyMod.hanoi.1.prop1-back-serstep.yml	false				
hardware-verification-bv/btor2c-lazyMod.hanoi.1.prop1-func-interl.yml	false				
hardware-verification-bv/btor2c-lazyMod.hanoi.2.prop1-back-serstep.yml	false				
hardware-verification-bv/btor2c-lazyMod.hanoi.2.prop1-func-interl.yml	false				
hardware-verification-bv/btor2c-lazyMod.hanoi.3.prop1-back-serstep.yml	false				
hardware-verification-bv/btor2c-lazyMod.hanoi.3.prop1-func-interl.yml	false				
hardware-verification-bv/btor2c-lazyMod.hanoi.4.prop1-back-serstep.yml	true				
hardware-verification-bv/btor2c-lazyMod.hanoi.4.prop1-func-interl.yml	true				
hardware-verification-bv/btor2c-lazyMod.iprotocol.1.prop1-back-serstep.yml	false				
hardware-verification-bv/btor2c-lazyMod.iprotocol.1.prop1-func-interl.yml	false				
hardware-verification-bv/btor2c-lazyMod.iprotocol.2.prop1-back-serstep.yml	false				
hardware-verification-bv/btor2c-lazyMod.iprotocol.2.prop1-func-interl.yml	false				
hardware-verification-bv/btor2c-lazyMod.iprotocol.3.prop1-back-serstep.yml	false				
hardware-verification-bv/btor2c-lazyMod.iprotocol.3.prop1-func-interl.yml	false				
hardware-verification-bv/btor2c-lazyMod.iprotocol.4.prop1-back-serstep.yml	false				
hardware-verification-bv/btor2c-lazyMod.iprotocol.4.prop1-func-interl.yml	false				
hardware-verification-bv/btor2c-lazyMod.iprotocol.5.prop1-back-serstep.yml	false				
hardware-verification-bv/btor2c-lazyMod.iprotocol.5.prop1-func-interl.yml	false				
hardware-verification-bv/btor2c-lazyMod.iprotocol.6.prop1-back-serstep.yml	false				
hardware-verification-bv/btor2c-lazyMod.iprotocol.6.prop1-func-interl.yml	false				
hardware-verification-bv/btor2c-lazyMod.iprotocol.7.prop1-back-serstep.yml	false				
hardware-verification-bv/btor2c-lazyMod.iprotocol.7.prop1-func-interl.yml	false				
hardware-verification-bv/btor2c-lazyMod.itc99_b12.yml	false				
hardware-verification-bv/btor2c-lazyMod.itc99_b13.yml	true				
hardware-verification-bv/btor2c-lazyMod.krebs.1.prop1-back-serstep.yml	false				
hardware-verification-bv/btor2c-lazyMod.krebs.1.prop1-func-interl.yml	false				
hardware-verification-bv/btor2c-lazyMod.krebs.2.prop1-back-serstep.yml	false				
hardware-verification-bv/btor2c-lazyMod.krebs.2.prop1-func-interl.yml	false				
hardware-verification-bv/btor2c-lazyMod.krebs.3.prop1-back-serstep.yml	false				
hardware-verification-bv/btor2c-lazyMod.krebs.3.prop1-func-interl.yml	false				
hardware-verification-bv/btor2c-lazyMod.krebs.4.prop1-back-serstep.yml	true				
hardware-verification-bv/btor2c-lazyMod.krebs.4.prop1-func-interl.yml	true				
hardware-verification-bv/btor2c-lazyMod.lamport.1.prop1-back-serstep.yml	true				
hardware-verification-bv/btor2c-lazyMod.lamport.1.prop1-func-interl.yml	true				
hardware-verification-bv/btor2c-lazyMod.lamport.2.prop1-back-serstep.yml	false				
hardware-verification-bv/btor2c-lazyMod.lamport.2.prop1-func-interl.yml	false				
hardware-verification-bv/btor2c-lazyMod.lamport.3.prop1-back-serstep.yml	false				
hardware-verification-bv/btor2c-lazyMod.lamport.3.prop1-func-interl.yml	false				
hardware-verification-bv/btor2c-lazyMod.lamport.5.prop1-back-serstep.yml	true				
hardware-verification-bv/btor2c-lazyMod.lamport.5.prop1-func-interl.yml	true				
hardware-verification-bv/btor2c-lazyMod.lamport.6.prop1-back-serstep.yml	false				
hardware-verification-bv/btor2c-lazyMod.lamport.6.prop1-func-interl.yml	false				
hardware-verification-bv/btor2c-lazyMod.lamport.7.prop1-back-serstep.yml	true				
hardware-verification-bv/btor2c-lazyMod.lamport.7.prop1-func-interl.yml	true				
hardware-verification-bv/btor2c-lazyMod.lamport.8.prop1-back-serstep.yml	false				
hardware-verification-bv/btor2c-lazyMod.lamport.8.prop1-func-interl.yml	false				
hardware-verification-bv/btor2c-lazyMod.lamport_nonatomic.1.prop1-back-serstep.yml	true				
hardware-verification-bv/btor2c-lazyMod.lamport_nonatomic.1.prop1-func-interl.yml	true				
hardware-verification-bv/btor2c-lazyMod.lamport_nonatomic.2.prop1-back-serstep.yml	true				
hardware-verification-bv/btor2c-lazyMod.lamport_nonatomic.2.prop1-func-interl.yml	true				
hardware-verification-bv/btor2c-lazyMod.lamport_nonatomic.3.prop1-back-serstep.yml	false				
hardware-verification-bv/btor2c-lazyMod.lamport_nonatomic.3.prop1-func-interl.yml	false				
hardware-verification-bv/btor2c-lazyMod.lamport_nonatomic.4.prop1-back-serstep.yml	true				
hardware-verification-bv/btor2c-lazyMod.lamport_nonatomic.4.prop1-func-interl.yml	true				
hardware-verification-bv/btor2c-lazyMod.lamport_nonatomic.5.prop1-back-serstep.yml	true				
hardware-verification-bv/btor2c-lazyMod.lamport_nonatomic.5.prop1-func-interl.yml	true				
hardware-verification-bv/btor2c-lazyMod.lann.1.prop1-back-serstep.yml	false				
hardware-verification-bv/btor2c-lazyMod.lann.1.prop1-func-interl.yml	false				
hardware-verification-bv/btor2c-lazyMod.lann.2.prop1-back-serstep.yml	true				
hardware-verification-bv/btor2c-lazyMod.lann.2.prop1-func-interl.yml	true				
hardware-verification-bv/btor2c-lazyMod.lann.3.prop1-back-serstep.yml	false				
hardware-verification-bv/btor2c-lazyMod.lann.3.prop1-func-interl.yml	false				
hardware-verification-bv/btor2c-lazyMod.lann.4.prop1-back-serstep.yml	true				
hardware-verification-bv/btor2c-lazyMod.lann.4.prop1-func-interl.yml	true				
hardware-verification-bv/btor2c-lazyMod.lann.5.prop1-back-serstep.yml	true				
hardware-verification-bv/btor2c-lazyMod.lann.5.prop1-func-interl.yml	true				
hardware-verification-bv/btor2c-lazyMod.lann.6.prop1-back-serstep.yml	false				
hardware-verification-bv/btor2c-lazyMod.lann.6.prop1-func-interl.yml	false				
hardware-verification-bv/btor2c-lazyMod.lann.7.prop1-back-serstep.yml	false				
hardware-verification-bv/btor2c-lazyMod.lann.7.prop1-func-interl.yml	false				
hardware-verification-bv/btor2c-lazyMod.lann.8.prop1-back-serstep.yml	false				
hardware-verification-bv/btor2c-lazyMod.lann.8.prop1-func-interl.yml	false				
hardware-verification-bv/btor2c-lazyMod.leader_election.1.prop1-back-serstep.yml	true				
hardware-verification-bv/btor2c-lazyMod.leader_election.1.prop1-func-interl.yml	true				
hardware-verification-bv/btor2c-lazyMod.leader_election.2.prop1-back-serstep.yml	true				
hardware-verification-bv/btor2c-lazyMod.leader_election.2.prop1-func-interl.yml	true				
hardware-verification-bv/btor2c-lazyMod.leader_election.3.prop1-back-serstep.yml	true				
hardware-verification-bv/btor2c-lazyMod.leader_election.3.prop1-func-interl.yml	true				
hardware-verification-bv/btor2c-lazyMod.leader_election.4.prop1-back-serstep.yml	false				
hardware-verification-bv/btor2c-lazyMod.leader_election.4.prop1-func-interl.yml	false				
hardware-verification-bv/btor2c-lazyMod.leader_election.5.prop1-back-serstep.yml	false				
hardware-verification-bv/btor2c-lazyMod.leader_election.5.prop1-func-interl.yml	false				
hardware-verification-bv/btor2c-lazyMod.leader_election.6.prop1-back-serstep.yml	false				
hardware-verification-bv/btor2c-lazyMod.leader_election.6.prop1-func-interl.yml	false				
hardware-verification-bv/btor2c-lazyMod.leader_filters.1.prop1-back-serstep.yml	true				
hardware-verification-bv/btor2c-lazyMod.leader_filters.1.prop1-func-interl.yml	true				
hardware-verification-bv/btor2c-lazyMod.leader_filters.2.prop1-back-serstep.yml	false				
hardware-verification-bv/btor2c-lazyMod.leader_filters.2.prop1-func-interl.yml	false				
hardware-verification-bv/btor2c-lazyMod.leader_filters.3.prop1-back-serstep.yml	true				
hardware-verification-bv/btor2c-lazyMod.leader_filters.3.prop1-func-interl.yml	true				
hardware-verification-bv/btor2c-lazyMod.leader_filters.4.prop1-back-serstep.yml	true				
hardware-verification-bv/btor2c-lazyMod.leader_filters.4.prop1-func-interl.yml	true				
hardware-verification-bv/btor2c-lazyMod.leader_filters.5.prop1-back-serstep.yml	true				
hardware-verification-bv/btor2c-lazyMod.leader_filters.5.prop1-func-interl.yml	true				
hardware-verification-bv/btor2c-lazyMod.leader_filters.6.prop1-back-serstep.yml	false				
hardware-verification-bv/btor2c-lazyMod.leader_filters.6.prop1-func-interl.yml	false				
hardware-verification-bv/btor2c-lazyMod.leader_filters.7.prop1-back-serstep.yml	true				
hardware-verification-bv/btor2c-lazyMod.leader_filters.7.prop1-func-interl.yml	true				
hardware-verification-bv/btor2c-lazyMod.lifts.1.prop1-back-serstep.yml	true				
hardware-verification-bv/btor2c-lazyMod.lifts.1.prop1-func-interl.yml	true				
hardware-verification-bv/btor2c-lazyMod.lifts.2.prop1-back-serstep.yml	true				
hardware-verification-bv/btor2c-lazyMod.lifts.2.prop1-func-interl.yml	true				
hardware-verification-bv/btor2c-lazyMod.lifts.3.prop1-back-serstep.yml	true				
hardware-verification-bv/btor2c-lazyMod.lifts.3.prop1-func-interl.yml	true				
hardware-verification-bv/btor2c-lazyMod.lifts.4.prop1-back-serstep.yml	true				
hardware-verification-bv/btor2c-lazyMod.lifts.4.prop1-func-interl.yml	true				
hardware-verification-bv/btor2c-lazyMod.lifts.5.prop1-back-serstep.yml	false				
hardware-verification-bv/btor2c-lazyMod.lifts.5.prop1-func-interl.yml	false				
hardware-verification-bv/btor2c-lazyMod.lifts.6.prop1-back-serstep.yml	true				
hardware-verification-bv/btor2c-lazyMod.lifts.6.prop1-func-interl.yml	true				
hardware-verification-bv/btor2c-lazyMod.lifts.7.prop1-back-serstep.yml	true				
hardware-verification-bv/btor2c-lazyMod.lifts.7.prop1-func-interl.yml	true				
hardware-verification-bv/btor2c-lazyMod.lifts.8.prop1-back-serstep.yml	false				
hardware-verification-bv/btor2c-lazyMod.lifts.8.prop1-func-interl.yml	false				
hardware-verification-bv/btor2c-lazyMod.loyd.1.prop1-back-serstep.yml	false				
hardware-verification-bv/btor2c-lazyMod.loyd.1.prop1-func-interl.yml	false				
hardware-verification-bv/btor2c-lazyMod.loyd.2.prop1-back-serstep.yml	false				
hardware-verification-bv/btor2c-lazyMod.loyd.2.prop1-func-interl.yml	false				
hardware-verification-bv/btor2c-lazyMod.loyd.3.prop1-back-serstep.yml	true				
hardware-verification-bv/btor2c-lazyMod.loyd.3.prop1-func-interl.yml	true				
hardware-verification-bv/btor2c-lazyMod.lup.1.prop1-back-serstep.yml	true				
hardware-verification-bv/btor2c-lazyMod.lup.1.prop1-func-interl.yml	true				
hardware-verification-bv/btor2c-lazyMod.lup.2.prop1-back-serstep.yml	true				
hardware-verification-bv/btor2c-lazyMod.lup.2.prop1-func-interl.yml	true				
hardware-verification-bv/btor2c-lazyMod.lup.3.prop1-back-serstep.yml	true				
hardware-verification-bv/btor2c-lazyMod.lup.3.prop1-func-interl.yml	true				
hardware-verification-bv/btor2c-lazyMod.lup.4.prop1-back-serstep.yml	true				
hardware-verification-bv/btor2c-lazyMod.lup.4.prop1-func-interl.yml	true				
hardware-verification-bv/btor2c-lazyMod.mcs.1.prop1-back-serstep.yml	true				
hardware-verification-bv/btor2c-lazyMod.mcs.1.prop1-func-interl.yml	true				
hardware-verification-bv/btor2c-lazyMod.mcs.2.prop1-back-serstep.yml	true				
hardware-verification-bv/btor2c-lazyMod.mcs.2.prop1-func-interl.yml	true				
hardware-verification-bv/btor2c-lazyMod.mcs.3.prop1-back-serstep.yml	true				
hardware-verification-bv/btor2c-lazyMod.mcs.3.prop1-func-interl.yml	true				
hardware-verification-bv/btor2c-lazyMod.mcs.4.prop1-back-serstep.yml	true				
hardware-verification-bv/btor2c-lazyMod.mcs.4.prop1-func-interl.yml	true				
hardware-verification-bv/btor2c-lazyMod.mcs.5.prop1-back-serstep.yml	true				
hardware-verification-bv/btor2c-lazyMod.mcs.5.prop1-func-interl.yml	true				
hardware-verification-bv/btor2c-lazyMod.mcs.6.prop1-back-serstep.yml	true				
hardware-verification-bv/btor2c-lazyMod.mcs.6.prop1-func-interl.yml	true				
hardware-verification-bv/btor2c-lazyMod.miim.yml	true				
hardware-verification-bv/btor2c-lazyMod.mpeg.yml	true				
hardware-verification-bv/btor2c-lazyMod.msmie.1.prop1-back-serstep.yml	true				
hardware-verification-bv/btor2c-lazyMod.msmie.1.prop1-func-interl.yml	true				
hardware-verification-bv/btor2c-lazyMod.msmie.2.prop1-back-serstep.yml	false				
hardware-verification-bv/btor2c-lazyMod.msmie.2.prop1-func-interl.yml	false				
hardware-verification-bv/btor2c-lazyMod.msmie.3.prop1-back-serstep.yml	true				
hardware-verification-bv/btor2c-lazyMod.msmie.3.prop1-func-interl.yml	true				
hardware-verification-bv/btor2c-lazyMod.msmie.4.prop1-back-serstep.yml	true				
hardware-verification-bv/btor2c-lazyMod.msmie.4.prop1-func-interl.yml	true				
hardware-verification-bv/btor2c-lazyMod.mul1.yml	true				
hardware-verification-bv/btor2c-lazyMod.mul10.yml	false				
hardware-verification-bv/btor2c-lazyMod.mul11.yml	false				
hardware-verification-bv/btor2c-lazyMod.mul2.yml	true				
hardware-verification-bv/btor2c-lazyMod.mul4.yml	true				
hardware-verification-bv/btor2c-lazyMod.mul5.yml	false				
hardware-verification-bv/btor2c-lazyMod.mul6.yml	false				
hardware-verification-bv/btor2c-lazyMod.mul8.yml	false				
hardware-verification-bv/btor2c-lazyMod.mul9.yml	false				
hardware-verification-bv/btor2c-lazyMod.needham.1.prop1-back-serstep.yml	false				
hardware-verification-bv/btor2c-lazyMod.needham.1.prop1-func-interl.yml	false				
hardware-verification-bv/btor2c-lazyMod.needham.1.prop2-back-serstep.yml	false				
hardware-verification-bv/btor2c-lazyMod.needham.1.prop2-func-interl.yml	false				
hardware-verification-bv/btor2c-lazyMod.needham.1.prop3-back-serstep.yml	false				
hardware-verification-bv/btor2c-lazyMod.needham.1.prop3-func-interl.yml	false				
hardware-verification-bv/btor2c-lazyMod.needham.1.prop4-back-serstep.yml	false				
hardware-verification-bv/btor2c-lazyMod.needham.1.prop4-func-interl.yml	false				
hardware-verification-bv/btor2c-lazyMod.needham.2.prop1-back-serstep.yml	false				
hardware-verification-bv/btor2c-lazyMod.needham.2.prop1-func-interl.yml	false				
hardware-verification-bv/btor2c-lazyMod.needham.2.prop2-back-serstep.yml	true				
hardware-verification-bv/btor2c-lazyMod.needham.2.prop2-func-interl.yml	true				
hardware-verification-bv/btor2c-lazyMod.needham.2.prop3-back-serstep.yml	true				
hardware-verification-bv/btor2c-lazyMod.needham.2.prop3-func-interl.yml	true				
hardware-verification-bv/btor2c-lazyMod.needham.2.prop4-back-serstep.yml	false				
hardware-verification-bv/btor2c-lazyMod.needham.2.prop4-func-interl.yml	false				
hardware-verification-bv/btor2c-lazyMod.needham.3.prop1-back-serstep.yml	false				
hardware-verification-bv/btor2c-lazyMod.needham.3.prop1-func-interl.yml	false				
hardware-verification-bv/btor2c-lazyMod.needham.3.prop2-back-serstep.yml	true				
hardware-verification-bv/btor2c-lazyMod.needham.3.prop2-func-interl.yml	true				
hardware-verification-bv/btor2c-lazyMod.needham.3.prop3-back-serstep.yml	true				
hardware-verification-bv/btor2c-lazyMod.needham.3.prop3-func-interl.yml	true				
hardware-verification-bv/btor2c-lazyMod.needham.3.prop4-back-serstep.yml	false				
hardware-verification-bv/btor2c-lazyMod.needham.3.prop4-func-interl.yml	false				
hardware-verification-bv/btor2c-lazyMod.needham.4.prop1-back-serstep.yml	false				
hardware-verification-bv/btor2c-lazyMod.needham.4.prop1-func-interl.yml	false				
hardware-verification-bv/btor2c-lazyMod.needham.4.prop2-back-serstep.yml	true				
hardware-verification-bv/btor2c-lazyMod.needham.4.prop2-func-interl.yml	true				
hardware-verification-bv/btor2c-lazyMod.needham.4.prop3-back-serstep.yml	true				
hardware-verification-bv/btor2c-lazyMod.needham.4.prop3-func-interl.yml	true				
hardware-verification-bv/btor2c-lazyMod.needham.4.prop4-back-serstep.yml	false				
hardware-verification-bv/btor2c-lazyMod.needham.4.prop4-func-interl.yml	false				
hardware-verification-bv/btor2c-lazyMod.noninitstate.yml	false				
hardware-verification-bv/btor2c-lazyMod.paper_v3.yml	true				
hardware-verification-bv/btor2c-lazyMod.peg_solitaire.1.prop1-back-serstep.yml	false				
hardware-verification-bv/btor2c-lazyMod.peg_solitaire.1.prop1-func-interl.yml	false				
hardware-verification-bv/btor2c-lazyMod.peg_solitaire.2.prop1-back-serstep.yml	false				
hardware-verification-bv/btor2c-lazyMod.peg_solitaire.2.prop1-func-interl.yml	false				
hardware-verification-bv/btor2c-lazyMod.peg_solitaire.3.prop1-back-serstep.yml	false				
hardware-verification-bv/btor2c-lazyMod.peg_solitaire.3.prop1-func-interl.yml	false				
hardware-verification-bv/btor2c-lazyMod.peg_solitaire.4.prop1-back-serstep.yml	true				
hardware-verification-bv/btor2c-lazyMod.peg_solitaire.4.prop1-func-interl.yml	true				
hardware-verification-bv/btor2c-lazyMod.peg_solitaire.5.prop1-back-serstep.yml	false				
hardware-verification-bv/btor2c-lazyMod.peg_solitaire.5.prop1-func-interl.yml	false				
hardware-verification-bv/btor2c-lazyMod.peg_solitaire.6.prop1-back-serstep.yml	false				
hardware-verification-bv/btor2c-lazyMod.peg_solitaire.6.prop1-func-interl.yml	false				
hardware-verification-bv/btor2c-lazyMod.peterson.1.prop1-back-serstep.yml	true				
hardware-verification-bv/btor2c-lazyMod.peterson.1.prop1-func-interl.yml	true				
hardware-verification-bv/btor2c-lazyMod.peterson.2.prop1-back-serstep.yml	false				
hardware-verification-bv/btor2c-lazyMod.peterson.2.prop1-func-interl.yml	false				
hardware-verification-bv/btor2c-lazyMod.peterson.3.prop1-back-serstep.yml	false				
hardware-verification-bv/btor2c-lazyMod.peterson.3.prop1-func-interl.yml	false				
hardware-verification-bv/btor2c-lazyMod.peterson.4.prop1-back-serstep.yml	true				
hardware-verification-bv/btor2c-lazyMod.peterson.4.prop1-func-interl.yml	true				
hardware-verification-bv/btor2c-lazyMod.peterson.5.prop1-back-serstep.yml	false				
hardware-verification-bv/btor2c-lazyMod.peterson.5.prop1-func-interl.yml	false				
hardware-verification-bv/btor2c-lazyMod.peterson.6.prop1-back-serstep.yml	false				
hardware-verification-bv/btor2c-lazyMod.peterson.6.prop1-func-interl.yml	false				
hardware-verification-bv/btor2c-lazyMod.peterson.7.prop1-back-serstep.yml	true				
hardware-verification-bv/btor2c-lazyMod.peterson.7.prop1-func-interl.yml	true				
hardware-verification-bv/btor2c-lazyMod.pgm_protocol.1.prop1-back-serstep.yml	true				
hardware-verification-bv/btor2c-lazyMod.pgm_protocol.1.prop1-func-interl.yml	true				
hardware-verification-bv/btor2c-lazyMod.pgm_protocol.1.prop2-back-serstep.yml	true				
hardware-verification-bv/btor2c-lazyMod.pgm_protocol.1.prop2-func-interl.yml	true				
hardware-verification-bv/btor2c-lazyMod.pgm_protocol.1.prop5-back-serstep.yml	false				
hardware-verification-bv/btor2c-lazyMod.pgm_protocol.1.prop5-func-interl.yml	false				
hardware-verification-bv/btor2c-lazyMod.pgm_protocol.1.prop6-back-serstep.yml	true				
hardware-verification-bv/btor2c-lazyMod.pgm_protocol.1.prop6-func-interl.yml	true				
hardware-verification-bv/btor2c-lazyMod.pgm_protocol.2.prop1-back-serstep.yml	true				
hardware-verification-bv/btor2c-lazyMod.pgm_protocol.2.prop1-func-interl.yml	true				
hardware-verification-bv/btor2c-lazyMod.pgm_protocol.2.prop2-back-serstep.yml	true				
hardware-verification-bv/btor2c-lazyMod.pgm_protocol.2.prop2-func-interl.yml	true				
hardware-verification-bv/btor2c-lazyMod.pgm_protocol.2.prop5-back-serstep.yml	true				
hardware-verification-bv/btor2c-lazyMod.pgm_protocol.2.prop5-func-interl.yml	true				
hardware-verification-bv/btor2c-lazyMod.pgm_protocol.2.prop6-back-serstep.yml	true				
hardware-verification-bv/btor2c-lazyMod.pgm_protocol.2.prop6-func-interl.yml	true				
hardware-verification-bv/btor2c-lazyMod.pgm_protocol.3.prop1-back-serstep.yml	true				
hardware-verification-bv/btor2c-lazyMod.pgm_protocol.3.prop1-func-interl.yml	true				
hardware-verification-bv/btor2c-lazyMod.pgm_protocol.3.prop2-back-serstep.yml	true				
hardware-verification-bv/btor2c-lazyMod.pgm_protocol.3.prop2-func-interl.yml	true				
hardware-verification-bv/btor2c-lazyMod.pgm_protocol.3.prop5-back-serstep.yml	false				
hardware-verification-bv/btor2c-lazyMod.pgm_protocol.3.prop5-func-interl.yml	false				
hardware-verification-bv/btor2c-lazyMod.pgm_protocol.3.prop6-back-serstep.yml	true				
hardware-verification-bv/btor2c-lazyMod.pgm_protocol.3.prop6-func-interl.yml	true				
hardware-verification-bv/btor2c-lazyMod.pgm_protocol.4.prop1-back-serstep.yml	true				
hardware-verification-bv/btor2c-lazyMod.pgm_protocol.4.prop1-func-interl.yml	true				
hardware-verification-bv/btor2c-lazyMod.pgm_protocol.4.prop2-back-serstep.yml	true				
hardware-verification-bv/btor2c-lazyMod.pgm_protocol.4.prop2-func-interl.yml	true				
hardware-verification-bv/btor2c-lazyMod.pgm_protocol.4.prop5-back-serstep.yml	true				
hardware-verification-bv/btor2c-lazyMod.pgm_protocol.4.prop5-func-interl.yml	true				
hardware-verification-bv/btor2c-lazyMod.pgm_protocol.4.prop6-back-serstep.yml	true				
hardware-verification-bv/btor2c-lazyMod.pgm_protocol.4.prop6-func-interl.yml	true				
hardware-verification-bv/btor2c-lazyMod.pgm_protocol.5.prop1-back-serstep.yml	true				
hardware-verification-bv/btor2c-lazyMod.pgm_protocol.5.prop1-func-interl.yml	true				
hardware-verification-bv/btor2c-lazyMod.pgm_protocol.5.prop2-back-serstep.yml	true				
hardware-verification-bv/btor2c-lazyMod.pgm_protocol.5.prop2-func-interl.yml	true				
hardware-verification-bv/btor2c-lazyMod.pgm_protocol.5.prop5-back-serstep.yml	false				
hardware-verification-bv/btor2c-lazyMod.pgm_protocol.5.prop5-func-interl.yml	false				
hardware-verification-bv/btor2c-lazyMod.pgm_protocol.5.prop6-back-serstep.yml	true				
hardware-verification-bv/btor2c-lazyMod.pgm_protocol.5.prop6-func-interl.yml	true				
hardware-verification-bv/btor2c-lazyMod.pgm_protocol.6.prop1-back-serstep.yml	true				
hardware-verification-bv/btor2c-lazyMod.pgm_protocol.6.prop1-func-interl.yml	true				
hardware-verification-bv/btor2c-lazyMod.pgm_protocol.6.prop2-back-serstep.yml	true				
hardware-verification-bv/btor2c-lazyMod.pgm_protocol.6.prop2-func-interl.yml	true				
hardware-verification-bv/btor2c-lazyMod.pgm_protocol.6.prop5-back-serstep.yml	false				
hardware-verification-bv/btor2c-lazyMod.pgm_protocol.6.prop5-func-interl.yml	false				
hardware-verification-bv/btor2c-lazyMod.pgm_protocol.6.prop6-back-serstep.yml	true				
hardware-verification-bv/btor2c-lazyMod.pgm_protocol.6.prop6-func-interl.yml	true				
hardware-verification-bv/btor2c-lazyMod.pgm_protocol.7.prop1-back-serstep.yml	true				
hardware-verification-bv/btor2c-lazyMod.pgm_protocol.7.prop1-func-interl.yml	true				
hardware-verification-bv/btor2c-lazyMod.pgm_protocol.7.prop2-back-serstep.yml	true				
hardware-verification-bv/btor2c-lazyMod.pgm_protocol.7.prop2-func-interl.yml	true				
hardware-verification-bv/btor2c-lazyMod.pgm_protocol.7.prop5-back-serstep.yml	true				
hardware-verification-bv/btor2c-lazyMod.pgm_protocol.7.prop5-func-interl.yml	true				
hardware-verification-bv/btor2c-lazyMod.pgm_protocol.7.prop6-back-serstep.yml	true				
hardware-verification-bv/btor2c-lazyMod.pgm_protocol.7.prop6-func-interl.yml	true				
hardware-verification-bv/btor2c-lazyMod.pgm_protocol.8.prop1-back-serstep.yml	true				
hardware-verification-bv/btor2c-lazyMod.pgm_protocol.8.prop1-func-interl.yml	true				
hardware-verification-bv/btor2c-lazyMod.pgm_protocol.8.prop2-back-serstep.yml	true				
hardware-verification-bv/btor2c-lazyMod.pgm_protocol.8.prop2-func-interl.yml	true				
hardware-verification-bv/btor2c-lazyMod.pgm_protocol.8.prop5-back-serstep.yml	false				
hardware-verification-bv/btor2c-lazyMod.pgm_protocol.8.prop5-func-interl.yml	false				
hardware-verification-bv/btor2c-lazyMod.pgm_protocol.8.prop6-back-serstep.yml	true				
hardware-verification-bv/btor2c-lazyMod.pgm_protocol.8.prop6-func-interl.yml	true				
hardware-verification-bv/btor2c-lazyMod.pipeline.yml	true				
hardware-verification-bv/btor2c-lazyMod.pj_icram.yml	true				
hardware-verification-bv/btor2c-lazyMod.pj_icu.yml	true				
hardware-verification-bv/btor2c-lazyMod.plc.1.prop2-back-serstep.yml	true				
hardware-verification-bv/btor2c-lazyMod.plc.1.prop2-func-interl.yml	true				
hardware-verification-bv/btor2c-lazyMod.plc.2.prop2-back-serstep.yml	true				
hardware-verification-bv/btor2c-lazyMod.plc.2.prop2-func-interl.yml	true				
hardware-verification-bv/btor2c-lazyMod.plc.3.prop2-back-serstep.yml	true				
hardware-verification-bv/btor2c-lazyMod.plc.3.prop2-func-interl.yml	true				
hardware-verification-bv/btor2c-lazyMod.plc.4.prop2-back-serstep.yml	true				
hardware-verification-bv/btor2c-lazyMod.plc.4.prop2-func-interl.yml	true				
hardware-verification-bv/btor2c-lazyMod.pouring.1.prop1-back-serstep.yml	false				
hardware-verification-bv/btor2c-lazyMod.pouring.1.prop1-func-interl.yml	false				
hardware-verification-bv/btor2c-lazyMod.pouring.2.prop1-back-serstep.yml	false				
hardware-verification-bv/btor2c-lazyMod.pouring.2.prop1-func-interl.yml	false				
hardware-verification-bv/btor2c-lazyMod.production_cell.1.prop1-back-serstep.yml	false				
hardware-verification-bv/btor2c-lazyMod.production_cell.1.prop1-func-interl.yml	false				
hardware-verification-bv/btor2c-lazyMod.production_cell.2.prop1-back-serstep.yml	false				
hardware-verification-bv/btor2c-lazyMod.production_cell.2.prop1-func-interl.yml	false				
hardware-verification-bv/btor2c-lazyMod.production_cell.3.prop1-back-serstep.yml	false				
hardware-verification-bv/btor2c-lazyMod.production_cell.3.prop1-func-interl.yml	false				
hardware-verification-bv/btor2c-lazyMod.production_cell.4.prop1-back-serstep.yml	false				
hardware-verification-bv/btor2c-lazyMod.production_cell.4.prop1-func-interl.yml	false				
hardware-verification-bv/btor2c-lazyMod.production_cell.5.prop1-back-serstep.yml	false				
hardware-verification-bv/btor2c-lazyMod.production_cell.5.prop1-func-interl.yml	false				
hardware-verification-bv/btor2c-lazyMod.production_cell.6.prop1-back-serstep.yml	false				
hardware-verification-bv/btor2c-lazyMod.production_cell.6.prop1-func-interl.yml	false				
hardware-verification-bv/btor2c-lazyMod.protocols.1.prop1-back-serstep.yml	false				
hardware-verification-bv/btor2c-lazyMod.protocols.1.prop1-func-interl.yml	false				
hardware-verification-bv/btor2c-lazyMod.protocols.2.prop1-back-serstep.yml	false				
hardware-verification-bv/btor2c-lazyMod.protocols.2.prop1-func-interl.yml	false				
hardware-verification-bv/btor2c-lazyMod.protocols.3.prop1-back-serstep.yml	false				
hardware-verification-bv/btor2c-lazyMod.protocols.3.prop1-func-interl.yml	false				
hardware-verification-bv/btor2c-lazyMod.protocols.4.prop1-back-serstep.yml	false				
hardware-verification-bv/btor2c-lazyMod.protocols.4.prop1-func-interl.yml	false				
hardware-verification-bv/btor2c-lazyMod.protocols.5.prop1-back-serstep.yml	false				
hardware-verification-bv/btor2c-lazyMod.protocols.5.prop1-func-interl.yml	false				
hardware-verification-bv/btor2c-lazyMod.reader_writer.1.prop1-back-serstep.yml	false				
hardware-verification-bv/btor2c-lazyMod.reader_writer.1.prop1-func-interl.yml	false				
hardware-verification-bv/btor2c-lazyMod.reader_writer.2.prop1-back-serstep.yml	true				
hardware-verification-bv/btor2c-lazyMod.reader_writer.2.prop1-func-interl.yml	true				
hardware-verification-bv/btor2c-lazyMod.reader_writer.3.prop1-back-serstep.yml	false				
hardware-verification-bv/btor2c-lazyMod.reader_writer.3.prop1-func-interl.yml	false				
hardware-verification-bv/btor2c-lazyMod.recount4.yml	false				
hardware-verification-bv/btor2c-lazyMod.resistance.1.prop1-back-serstep.yml	true				
hardware-verification-bv/btor2c-lazyMod.resistance.1.prop1-func-interl.yml	true				
hardware-verification-bv/btor2c-lazyMod.resistance.1.prop2-back-serstep.yml	true				
hardware-verification-bv/btor2c-lazyMod.resistance.1.prop2-func-interl.yml	true				
hardware-verification-bv/btor2c-lazyMod.resistance.1.prop3-back-serstep.yml	true				
hardware-verification-bv/btor2c-lazyMod.resistance.1.prop3-func-interl.yml	true				
hardware-verification-bv/btor2c-lazyMod.resistance.2.prop1-back-serstep.yml	false				
hardware-verification-bv/btor2c-lazyMod.resistance.2.prop1-func-interl.yml	false				
hardware-verification-bv/btor2c-lazyMod.resistance.2.prop2-back-serstep.yml	true				
hardware-verification-bv/btor2c-lazyMod.resistance.2.prop2-func-interl.yml	true				
hardware-verification-bv/btor2c-lazyMod.resistance.2.prop3-back-serstep.yml	true				
hardware-verification-bv/btor2c-lazyMod.resistance.2.prop3-func-interl.yml	true				
hardware-verification-bv/btor2c-lazyMod.rether.1.prop1-back-serstep.yml	true				
hardware-verification-bv/btor2c-lazyMod.rether.1.prop1-func-interl.yml	true				
hardware-verification-bv/btor2c-lazyMod.rether.2.prop1-back-serstep.yml	true				
hardware-verification-bv/btor2c-lazyMod.rether.2.prop1-func-interl.yml	true				
hardware-verification-bv/btor2c-lazyMod.rether.3.prop1-back-serstep.yml	true				
hardware-verification-bv/btor2c-lazyMod.rether.3.prop1-func-interl.yml	true				
hardware-verification-bv/btor2c-lazyMod.rether.4.prop1-back-serstep.yml	false				
hardware-verification-bv/btor2c-lazyMod.rether.4.prop1-func-interl.yml	false				
hardware-verification-bv/btor2c-lazyMod.rether.5.prop1-back-serstep.yml	true				
hardware-verification-bv/btor2c-lazyMod.rether.5.prop1-func-interl.yml	true				
hardware-verification-bv/btor2c-lazyMod.rether.6.prop1-back-serstep.yml	false				
hardware-verification-bv/btor2c-lazyMod.rether.6.prop1-func-interl.yml	false				
hardware-verification-bv/btor2c-lazyMod.rether.7.prop1-back-serstep.yml	true				
hardware-verification-bv/btor2c-lazyMod.rether.7.prop1-func-interl.yml	true				
hardware-verification-bv/btor2c-lazyMod.rushhour.1.prop1-back-serstep.yml	false				
hardware-verification-bv/btor2c-lazyMod.rushhour.1.prop1-func-interl.yml	false				
hardware-verification-bv/btor2c-lazyMod.rushhour.2.prop1-back-serstep.yml	false				
hardware-verification-bv/btor2c-lazyMod.rushhour.2.prop1-func-interl.yml	false				
hardware-verification-bv/btor2c-lazyMod.rushhour.3.prop1-back-serstep.yml	true				
hardware-verification-bv/btor2c-lazyMod.rushhour.3.prop1-func-interl.yml	true				
hardware-verification-bv/btor2c-lazyMod.rushhour.4.prop1-back-serstep.yml	true				
hardware-verification-bv/btor2c-lazyMod.rushhour.4.prop1-func-interl.yml	true				
hardware-verification-bv/btor2c-lazyMod.safe_analog_estimation_convergence.yml	true				
hardware-verification-bv/btor2c-lazyMod.safe_intersymbol_analog_estimation_convergence.yml	true				
hardware-verification-bv/btor2c-lazyMod.schedule_world.1.prop1-back-serstep.yml	false				
hardware-verification-bv/btor2c-lazyMod.schedule_world.1.prop1-func-interl.yml	false				
hardware-verification-bv/btor2c-lazyMod.schedule_world.2.prop1-back-serstep.yml	false				
hardware-verification-bv/btor2c-lazyMod.schedule_world.2.prop1-func-interl.yml	false				
hardware-verification-bv/btor2c-lazyMod.schedule_world.3.prop1-back-serstep.yml	false				
hardware-verification-bv/btor2c-lazyMod.schedule_world.3.prop1-func-interl.yml	false				
hardware-verification-bv/btor2c-lazyMod.sdlx.yml	true				
hardware-verification-bv/btor2c-lazyMod.seq.yml	true				
hardware-verification-bv/btor2c-lazyMod.shift_register_top_w128_d128_e0.yml	false				
hardware-verification-bv/btor2c-lazyMod.shift_register_top_w128_d16_e0.yml	false				
hardware-verification-bv/btor2c-lazyMod.shift_register_top_w128_d32_e0.yml	false				
hardware-verification-bv/btor2c-lazyMod.shift_register_top_w128_d64_e0.yml	false				
hardware-verification-bv/btor2c-lazyMod.shift_register_top_w128_d8_e0.yml	false				
hardware-verification-bv/btor2c-lazyMod.shift_register_top_w16_d128_e0.yml	false				
hardware-verification-bv/btor2c-lazyMod.shift_register_top_w16_d16_e0.yml	false				
hardware-verification-bv/btor2c-lazyMod.shift_register_top_w16_d32_e0.yml	false				
hardware-verification-bv/btor2c-lazyMod.shift_register_top_w16_d64_e0.yml	false				
hardware-verification-bv/btor2c-lazyMod.shift_register_top_w16_d8_e0.yml	false				
hardware-verification-bv/btor2c-lazyMod.shift_register_top_w32_d128_e0.yml	false				
hardware-verification-bv/btor2c-lazyMod.shift_register_top_w32_d16_e0.yml	false				
hardware-verification-bv/btor2c-lazyMod.shift_register_top_w32_d32_e0.yml	false				
hardware-verification-bv/btor2c-lazyMod.shift_register_top_w32_d64_e0.yml	false				
hardware-verification-bv/btor2c-lazyMod.shift_register_top_w32_d8_e0.yml	false				
hardware-verification-bv/btor2c-lazyMod.shift_register_top_w64_d128_e0.yml	false				
hardware-verification-bv/btor2c-lazyMod.shift_register_top_w64_d16_e0.yml	false				
hardware-verification-bv/btor2c-lazyMod.shift_register_top_w64_d32_e0.yml	false				
hardware-verification-bv/btor2c-lazyMod.shift_register_top_w64_d64_e0.yml	false				
hardware-verification-bv/btor2c-lazyMod.shift_register_top_w64_d8_e0.yml	false				
hardware-verification-bv/btor2c-lazyMod.shift_register_top_w8_d128_e0.yml	false				
hardware-verification-bv/btor2c-lazyMod.shift_register_top_w8_d16_e0.yml	false				
hardware-verification-bv/btor2c-lazyMod.shift_register_top_w8_d32_e0.yml	false				
hardware-verification-bv/btor2c-lazyMod.shift_register_top_w8_d64_e0.yml	false				
hardware-verification-bv/btor2c-lazyMod.shift_register_top_w8_d8_e0.yml	false				
hardware-verification-bv/btor2c-lazyMod.sokoban.1.prop1-back-serstep.yml	false				
hardware-verification-bv/btor2c-lazyMod.sokoban.1.prop1-func-interl.yml	false				
hardware-verification-bv/btor2c-lazyMod.sokoban.2.prop1-back-serstep.yml	false				
hardware-verification-bv/btor2c-lazyMod.sokoban.2.prop1-func-interl.yml	false				
hardware-verification-bv/btor2c-lazyMod.sokoban.3.prop1-back-serstep.yml	true				
hardware-verification-bv/btor2c-lazyMod.sokoban.3.prop1-func-interl.yml	true				
hardware-verification-bv/btor2c-lazyMod.sw_ball2001.yml	true				
hardware-verification-bv/btor2c-lazyMod.sw_ball2004_1.yml	true				
hardware-verification-bv/btor2c-lazyMod.sw_ball2004_2.yml	true				
hardware-verification-bv/btor2c-lazyMod.sw_loop.yml	true				
hardware-verification-bv/btor2c-lazyMod.sw_loop_v.yml	false				
hardware-verification-bv/btor2c-lazyMod.sw_state_machine.yml	true				
hardware-verification-bv/btor2c-lazyMod.sw_sym_ex.yml	true				
hardware-verification-bv/btor2c-lazyMod.sw_sym_ex_v.yml	false				
hardware-verification-bv/btor2c-lazyMod.swap_three.yml	true				
hardware-verification-bv/btor2c-lazyMod.swap_two.yml	true				
hardware-verification-bv/btor2c-lazyMod.synabs.yml	true				
hardware-verification-bv/btor2c-lazyMod.synabs2.yml	false				
hardware-verification-bv/btor2c-lazyMod.synapse.1.prop1-back-serstep.yml	false				
hardware-verification-bv/btor2c-lazyMod.synapse.1.prop1-func-interl.yml	false				
hardware-verification-bv/btor2c-lazyMod.synapse.2.prop1-back-serstep.yml	true				
hardware-verification-bv/btor2c-lazyMod.synapse.2.prop1-func-interl.yml	true				
hardware-verification-bv/btor2c-lazyMod.synapse.3.prop1-back-serstep.yml	true				
hardware-verification-bv/btor2c-lazyMod.synapse.3.prop1-func-interl.yml	true				
hardware-verification-bv/btor2c-lazyMod.synapse.4.prop1-back-serstep.yml	true				
hardware-verification-bv/btor2c-lazyMod.synapse.4.prop1-func-interl.yml	true				
hardware-verification-bv/btor2c-lazyMod.synapse.5.prop1-back-serstep.yml	false				
hardware-verification-bv/btor2c-lazyMod.synapse.5.prop1-func-interl.yml	false				
hardware-verification-bv/btor2c-lazyMod.synapse.6.prop1-back-serstep.yml	true				
hardware-verification-bv/btor2c-lazyMod.synapse.6.prop1-func-interl.yml	true				
hardware-verification-bv/btor2c-lazyMod.synapse.7.prop1-back-serstep.yml	true				
hardware-verification-bv/btor2c-lazyMod.synapse.7.prop1-func-interl.yml	true				
hardware-verification-bv/btor2c-lazyMod.szymanski.1.prop1-back-serstep.yml	true				
hardware-verification-bv/btor2c-lazyMod.szymanski.1.prop1-func-interl.yml	true				
hardware-verification-bv/btor2c-lazyMod.szymanski.2.prop1-back-serstep.yml	false				
hardware-verification-bv/btor2c-lazyMod.szymanski.2.prop1-func-interl.yml	false				
hardware-verification-bv/btor2c-lazyMod.szymanski.3.prop1-back-serstep.yml	true				
hardware-verification-bv/btor2c-lazyMod.szymanski.3.prop1-func-interl.yml	true				
hardware-verification-bv/btor2c-lazyMod.szymanski.4.prop1-back-serstep.yml	false				
hardware-verification-bv/btor2c-lazyMod.szymanski.4.prop1-func-interl.yml	false				
hardware-verification-bv/btor2c-lazyMod.szymanski.5.prop1-back-serstep.yml	true				
hardware-verification-bv/btor2c-lazyMod.szymanski.5.prop1-func-interl.yml	true				
hardware-verification-bv/btor2c-lazyMod.telephony.1.prop1-back-serstep.yml	false				
hardware-verification-bv/btor2c-lazyMod.telephony.1.prop1-func-interl.yml	false				
hardware-verification-bv/btor2c-lazyMod.telephony.2.prop1-back-serstep.yml	true				
hardware-verification-bv/btor2c-lazyMod.telephony.2.prop1-func-interl.yml	true				
hardware-verification-bv/btor2c-lazyMod.telephony.3.prop1-back-serstep.yml	false				
hardware-verification-bv/btor2c-lazyMod.telephony.3.prop1-func-interl.yml	false				
hardware-verification-bv/btor2c-lazyMod.telephony.4.prop1-back-serstep.yml	true				
hardware-verification-bv/btor2c-lazyMod.telephony.4.prop1-func-interl.yml	true				
hardware-verification-bv/btor2c-lazyMod.telephony.5.prop1-back-serstep.yml	true				
hardware-verification-bv/btor2c-lazyMod.telephony.5.prop1-func-interl.yml	true				
hardware-verification-bv/btor2c-lazyMod.telephony.6.prop1-back-serstep.yml	false				
hardware-verification-bv/btor2c-lazyMod.telephony.6.prop1-func-interl.yml	false				
hardware-verification-bv/btor2c-lazyMod.telephony.7.prop1-back-serstep.yml	false				
hardware-verification-bv/btor2c-lazyMod.telephony.7.prop1-func-interl.yml	false				
hardware-verification-bv/btor2c-lazyMod.telephony.8.prop1-back-serstep.yml	false				
hardware-verification-bv/btor2c-lazyMod.telephony.8.prop1-func-interl.yml	false				
hardware-verification-bv/btor2c-lazyMod.toy_lock_4.yml	true				
hardware-verification-bv/btor2c-lazyMod.train-gate.1.prop1-back-serstep.yml	false				
hardware-verification-bv/btor2c-lazyMod.train-gate.1.prop1-func-interl.yml	false				
hardware-verification-bv/btor2c-lazyMod.train-gate.2.prop1-back-serstep.yml	true				
hardware-verification-bv/btor2c-lazyMod.train-gate.2.prop1-func-interl.yml	true				
hardware-verification-bv/btor2c-lazyMod.train-gate.3.prop1-back-serstep.yml	false				
hardware-verification-bv/btor2c-lazyMod.train-gate.3.prop1-func-interl.yml	false				
hardware-verification-bv/btor2c-lazyMod.train-gate.4.prop1-back-serstep.yml	true				
hardware-verification-bv/btor2c-lazyMod.train-gate.4.prop1-func-interl.yml	true				
hardware-verification-bv/btor2c-lazyMod.train-gate.5.prop1-back-serstep.yml	false				
hardware-verification-bv/btor2c-lazyMod.train-gate.5.prop1-func-interl.yml	false				
hardware-verification-bv/btor2c-lazyMod.train-gate.6.prop1-back-serstep.yml	true				
hardware-verification-bv/btor2c-lazyMod.train-gate.6.prop1-func-interl.yml	true				
hardware-verification-bv/btor2c-lazyMod.train-gate.7.prop1-back-serstep.yml	true				
hardware-verification-bv/btor2c-lazyMod.train-gate.7.prop1-func-interl.yml	true				
hardware-verification-bv/btor2c-lazyMod.twocount2.yml	false				
hardware-verification-bv/btor2c-lazyMod.twocount2c.yml	false				
hardware-verification-bv/btor2c-lazyMod.twocount32.yml	false				
hardware-verification-bv/btor2c-lazyMod.unknown_ridecore.yml	false				
hardware-verification-bv/btor2c-lazyMod.unsafe_analog_estimation_convergence.yml	false				
hardware-verification-bv/btor2c-lazyMod.unsafe_buggy_ridecore.yml	false				
hardware-verification-bv/btor2c-lazyMod.unsafe_intersymbol_analog_estimation_convergence.yml	false				
hardware-verification-bv/btor2c-lazyMod.usb_phy.yml	false				
hardware-verification-bv/btor2c-lazyMod.v_DAIO.yml	false				
hardware-verification-bv/btor2c-lazyMod.v_FIFO.yml	false				
hardware-verification-bv/btor2c-lazyMod.v_Unidec.yml	false				
hardware-verification-bv/btor2c-lazyMod.v_non-pipelined-microprocessor.yml	false				
hardware-verification-bv/btor2c-lazyMod.vcegar_QF_BV_itc99_b13_p01.yml	true				
hardware-verification-bv/btor2c-lazyMod.vcegar_QF_BV_itc99_b13_p02.yml	true				
hardware-verification-bv/btor2c-lazyMod.vcegar_QF_BV_itc99_b13_p03.yml	true				
hardware-verification-bv/btor2c-lazyMod.vcegar_QF_BV_itc99_b13_p04.yml	true				
hardware-verification-bv/btor2c-lazyMod.vcegar_QF_BV_itc99_b13_p05.yml	true				
hardware-verification-bv/btor2c-lazyMod.vcegar_QF_BV_itc99_b13_p06.yml	true				
hardware-verification-bv/btor2c-lazyMod.vcegar_QF_BV_itc99_b13_p07.yml	true				
hardware-verification-bv/btor2c-lazyMod.vcegar_QF_BV_itc99_b13_p08.yml	true				
hardware-verification-bv/btor2c-lazyMod.vcegar_QF_BV_itc99_b13_p09.yml	true				
hardware-verification-bv/btor2c-lazyMod.vcegar_QF_BV_itc99_b13_p10.yml	true				
hardware-verification-bv/btor2c-lazyMod.vcegar_QF_BV_itc99_b13_p11.yml	true				
hardware-verification-bv/btor2c-lazyMod.vcegar_QF_BV_itc99_b13_p12.yml	true				
hardware-verification-bv/btor2c-lazyMod.vcegar_QF_BV_itc99_b13_p13.yml	true				
hardware-verification-bv/btor2c-lazyMod.vcegar_QF_BV_itc99_b13_p14.yml	true				
hardware-verification-bv/btor2c-lazyMod.vcegar_QF_BV_itc99_b13_p15.yml	true				
hardware-verification-bv/btor2c-lazyMod.vcegar_QF_BV_itc99_b13_p16.yml	true				
hardware-verification-bv/btor2c-lazyMod.vcegar_QF_BV_itc99_b13_p17.yml	true				
hardware-verification-bv/btor2c-lazyMod.vcegar_QF_BV_itc99_b13_p18.yml	true				
hardware-verification-bv/btor2c-lazyMod.vcegar_QF_BV_itc99_b13_p19.yml	true				
hardware-verification-bv/btor2c-lazyMod.vcegar_QF_BV_itc99_b13_p20.yml	true				
hardware-verification-bv/btor2c-lazyMod.vcegar_QF_BV_itc99_b13_p21.yml	true				
hardware-verification-bv/btor2c-lazyMod.vcegar_QF_BV_itc99_b13_p22.yml	true				
hardware-verification-bv/btor2c-lazyMod.vcegar_QF_BV_pj_icu_icctl_p1.yml	true				
hardware-verification-bv/btor2c-lazyMod.vcegar_QF_BV_pj_icu_icctl_p2.yml	true				
hardware-verification-bv/btor2c-lazyMod.vcegar_QF_BV_pj_icu_icctl_p3.yml	true				
hardware-verification-bv/btor2c-lazyMod.vcegar_QF_BV_pj_icu_icctl_p4.yml	true				
hardware-verification-bv/btor2c-lazyMod.vcegar_QF_BV_sdlx_control.yml	true				
hardware-verification-bv/btor2c-lazyMod.vcegar_QF_BV_usb_phy_1.yml	false				
hardware-verification-bv/btor2c-lazyMod.vcegar_arrays_itc99_b12_p1.yml	false				
hardware-verification-bv/btor2c-lazyMod.vcegar_arrays_itc99_b12_p2.yml	true				
hardware-verification-bv/btor2c-lazyMod.vis_QF_BV_bcuvis32.yml	true				
hardware-verification-bv/btor2c-lazyMod.vis_QF_BV_fru32_p1.yml	false				
hardware-verification-bv/btor2c-lazyMod.vis_QF_BV_fru32_p2.yml	false				
hardware-verification-bv/btor2c-lazyMod.vis_QF_BV_fru32_p3.yml	false				
hardware-verification-bv/btor2c-lazyMod.vis_QF_BV_ibuf.yml	true				
hardware-verification-bv/btor2c-lazyMod.vis_QF_BV_rotate32.yml	false				
hardware-verification-bv/btor2c-lazyMod.vis_QF_BV_s1269b_p1.yml	true				
hardware-verification-bv/btor2c-lazyMod.vis_QF_BV_s1269b_p2.yml	true				
hardware-verification-bv/btor2c-lazyMod.vis_QF_BV_s1269b_p3.yml	true				
hardware-verification-bv/btor2c-lazyMod.vis_QF_BV_s1269b_p4.yml	false				
hardware-verification-bv/btor2c-lazyMod.vis_QF_BV_s1269b_p5.yml	true				
hardware-verification-bv/btor2c-lazyMod.vis_QF_BV_spinner32.yml	false				
hardware-verification-bv/btor2c-lazyMod.vis_QF_BV_vMiim_p1.yml	true				
hardware-verification-bv/btor2c-lazyMod.vis_QF_BV_vMiim_p2.yml	false				
hardware-verification-bv/btor2c-lazyMod.vis_QF_BV_vlunc.yml	true				
hardware-verification-bv/btor2c-lazyMod.vis_arrays_FIFOs.yml	false				
hardware-verification-bv/btor2c-lazyMod.vis_arrays_am2901.yml	false				
hardware-verification-bv/btor2c-lazyMod.vis_arrays_am2910_p1.yml	true				
hardware-verification-bv/btor2c-lazyMod.vis_arrays_am2910_p2.yml	true				
hardware-verification-bv/btor2c-lazyMod.vis_arrays_am2910_p3.yml	true				
hardware-verification-bv/btor2c-lazyMod.vis_arrays_am2910_p4.yml	true				
hardware-verification-bv/btor2c-lazyMod.vis_arrays_bpbs_p1.yml	false				
hardware-verification-bv/btor2c-lazyMod.vis_arrays_bpbs_p2.yml	false				
hardware-verification-bv/btor2c-lazyMod.vis_arrays_bpbs_p3.yml	false				
hardware-verification-bv/btor2c-lazyMod.vis_arrays_bpbs_p4.yml	false				
hardware-verification-bv/btor2c-lazyMod.vis_arrays_buf_bug.yml	false				
hardware-verification-bv/btor2c-lazyMod.vis_arrays_bufferAlloc.yml	true				
hardware-verification-bv/btor2c-lazyMod.vis_arrays_field5.yml	true				
hardware-verification-bv/btor2c-lazyMod.vis_arrays_palu.yml	false				
hardware-verification-bv/btor2c-lazyMod.vis_arrays_two_p1.yml	false				
hardware-verification-bv/btor2c-lazyMod.vis_arrays_two_p2.yml	true				
hardware-verification-bv/btor2c-lazyMod.vis_arrays_vsa16a_p1.yml	true				
hardware-verification-bv/btor2c-lazyMod.vis_arrays_vsa16a_p2.yml	true				
hardware-verification-bv/btor2c-lazyMod.vis_arrays_vsa16a_p3.yml	true				
hardware-verification-bv/btor2c-lazyMod.vis_arrays_vsa16a_p4.yml	true				
hardware-verification-bv/btor2c-lazyMod.vis_arrays_vsa16a_p5.yml	true				
hardware-verification-bv/btor2c-lazyMod.vis_arrays_vsa16a_p6.yml	false				
hardware-verification-bv/btor2c-lazyMod.vis_arrays_vsa16a_p7.yml	false				
hardware-verification-bv/btor2c-lazyMod.vis_arrays_vsa16a_p8.yml	false				
hardware-verification-bv/btor2c-lazyMod.vis_arrays_vsaR_p01.yml	false				
hardware-verification-bv/btor2c-lazyMod.vis_arrays_vsaR_p02.yml	true				
hardware-verification-bv/btor2c-lazyMod.vis_arrays_vsaR_p03.yml	true				
hardware-verification-bv/btor2c-lazyMod.vis_arrays_vsaR_p04.yml	true				
hardware-verification-bv/btor2c-lazyMod.vis_arrays_vsaR_p05.yml	true				
hardware-verification-bv/btor2c-lazyMod.vis_arrays_vsaR_p06.yml	true				
hardware-verification-bv/btor2c-lazyMod.vis_arrays_vsaR_p07.yml	true				
hardware-verification-bv/btor2c-lazyMod.vis_arrays_vsaR_p08.yml	true				
hardware-verification-bv/btor2c-lazyMod.vis_arrays_vsaR_p09.yml	true				
hardware-verification-bv/btor2c-lazyMod.vis_arrays_vsaR_p10.yml	true				
hardware-verification-bv/btor2c-lazyMod.vis_arrays_vsaR_p11.yml	true				
hardware-verification-bv/btor2c-lazyMod.vis_arrays_vsaR_p12.yml	true				
hardware-verification-bv/btor2c-lazyMod.vis_arrays_vsaR_p13.yml	true				
hardware-verification-bv/btor2c-lazyMod.vis_arrays_vsaR_p14.yml	true				
hardware-verification-bv/btor2c-lazyMod.vis_arrays_vsaR_p15.yml	true				
hardware-verification-bv/btor2c-lazyMod.vis_arrays_vsaR_p16.yml	true				
hardware-verification-bv/btor2c-lazyMod.zaher.yml	true				
