tool		Theta 6.12.0	Theta 6.12.0	Theta 6.12.0	Theta 6.12.0
run set		SV-COMP25_no-data-race.NoDataRace-Main	SV-COMP25_no-data-race.NoDataRace-Main	SV-COMP25_no-data-race.NoDataRace-Main	SV-COMP25_no-data-race.NoDataRace-Main
../sv-benchmarks/c/		status	cputime (s)	walltime (s)	memory (MB)
pthread/bigshot_p.yml	false	ERROR (server error, after parsing finished)	8.39215	4.802396224000034	448.561152
pthread/bigshot_s.yml	true	ERROR (server error, after parsing finished)	8.720256	4.2399419609999995	433.922048
pthread/bigshot_s2.yml	true	ERROR (server error, after parsing finished)	8.906152	4.1451244389999715	444.375040
pthread/butterfly.yml	true	true	31.475259	16.902532319999978	1117.749248
pthread/fib_safe-10-racy.yml	false	false(no-data-race)	11.758805	4.924459743	551.763968
pthread/fib_safe-10.yml	true	true	8.89244	3.6205401980000147	478.789632
pthread/fib_safe-11-racy.yml	false	false(no-data-race)	12.52476	4.502509917000054	556.781568
pthread/fib_safe-11.yml	true	true	9.930447	3.8179499000000305	514.289664
pthread/fib_safe-12-racy.yml	false	false(no-data-race)	11.854396	4.421994319000021	549.490688
pthread/fib_safe-12.yml	true	true	9.65535	3.7754495570000017	519.286784
pthread/fib_safe-5-racy.yml	false	false(no-data-race)	10.765185	4.084449525000025	498.798592
pthread/fib_safe-5.yml	true	true	9.346956	3.7027509060000057	512.188416
pthread/fib_safe-6-racy.yml	false	false(no-data-race)	11.243267	4.28676213600005	509.505536
pthread/fib_safe-6.yml	true	true	9.378717	3.7609833750000234	501.108736
pthread/fib_safe-7-racy.yml	false	false(no-data-race)	11.182151	4.268531843999995	526.123008
pthread/fib_safe-7.yml	true	true	9.202786	3.6730958879999775	504.762368
pthread/fib_unsafe-10-racy.yml	false	false(no-data-race)	12.112423	4.463744141999996	540.917760
pthread/fib_unsafe-10.yml	true	true	9.113	3.719263477000027	485.916672
pthread/fib_unsafe-11-racy.yml	false	false(no-data-race)	12.012319	4.448536509999997	549.609472
pthread/fib_unsafe-11.yml	true	true	9.169935	3.7659096489999797	491.282432
pthread/fib_unsafe-12-racy.yml	false	false(no-data-race)	12.31783	4.578601800999991	549.675008
pthread/fib_unsafe-12.yml	true	true	9.339538	3.7142462919999844	511.332352
pthread/fib_unsafe-5-racy.yml	false	false(no-data-race)	10.625695	4.056147110999973	498.106368
pthread/fib_unsafe-5.yml	true	true	9.624639	3.7764156669999807	504.172544
pthread/fib_unsafe-6-racy.yml	false	false(no-data-race)	11.384302	4.258684787999982	522.194944
pthread/fib_unsafe-6.yml	true	true	9.669688	3.8127400710000074	518.344704
pthread/fib_unsafe-7-racy.yml	false	false(no-data-race)	11.390932	4.311458921999986	518.041600
pthread/fib_unsafe-7.yml	true	true	9.629937	3.8078051109999933	506.892288
pthread/indexer.yml	false	ERROR (frontend failed, before parsing finished)	3.665534	1.2936800309999512	241.430528
pthread/lazy01.yml	true	true	7.503578	3.2444928159999904	462.979072
pthread/queue.yml	true	ERROR (server error, after parsing finished)	11.030454	4.537245283999994	454.565888
pthread/queue_longer.yml	true	ERROR (server error, after parsing finished)	13.164694	5.21527242999997	515.395584
pthread/queue_longest.yml	true	ERROR (server error, after parsing finished)	14.900801	5.747854516000018	545.214464
pthread/queue_ok.yml	true	ERROR (server error, after parsing finished)	11.421338	4.6743219940000245	447.242240
pthread/queue_ok_longer.yml	true	ERROR (server error, after parsing finished)	13.500435	5.273321296999995	511.434752
pthread/queue_ok_longest.yml	true	ERROR (server error, after parsing finished)	14.281454	5.422790634999956	549.011456
pthread/reorder_2-race.yml	false	ERROR (frontend failed, before parsing finished)	3.674288	1.3076597779999588	251.166720
pthread/reorder_2.yml	true	ERROR (frontend failed, before parsing finished)	3.927118	1.3819927600000028	255.561728
pthread/reorder_5-race.yml	false	ERROR (frontend failed, before parsing finished)	3.939135	1.3803982020000376	242.049024
pthread/reorder_5.yml	true	ERROR (frontend failed, before parsing finished)	3.73574	1.305811011000003	255.660032
pthread/sigma.yml	false	ERROR (frontend failed, before parsing finished)	4.140992	1.4491856969999617	246.169600
pthread/singleton-b.yml	false	ERROR (server error, after parsing finished)	10.47574	4.543428295000012	450.994176
pthread/singleton.yml	true	ERROR (server error, after parsing finished)	10.584738	4.590844019000031	439.037952
pthread/singleton_with-uninit-problems-b.yml	false	ERROR (server error, after parsing finished)	11.039198	4.6864540359999864	457.666560
pthread/singleton_with-uninit-problems.yml	true	ERROR (server error, after parsing finished)	10.934471	4.581041346000006	472.588288
pthread/stack-1.yml	true	ERROR (server error, after parsing finished)	8.708913	3.940691843999957	386.998272
pthread/stack-2.yml	true	ERROR (server error, after parsing finished)	8.954159	4.023730424999997	378.408960
pthread/stack_longer-1.yml	true	ERROR (server error, after parsing finished)	10.167899	4.329346752999982	434.315264
pthread/stack_longer-2.yml	true	ERROR (server error, after parsing finished)	9.695552	4.209757779999961	431.562752
pthread/stack_longest-1.yml	true	ERROR (server error, after parsing finished)	10.184016	4.26277305900004	440.274944
pthread/stack_longest-2.yml	true	ERROR (server error, after parsing finished)	10.711406	4.500548667999965	441.221120
pthread/stateful01-1.yml	true	true	7.687712	3.285727022000003	466.288640
pthread/stateful01-2.yml	true	true	8.057046	3.4384880249999696	479.420416
pthread/sync01.yml	true	true	8.25762	3.478097942999966	482.390016
pthread/triangular-1.yml	true	true	8.713354	3.5958376330000306	494.882816
pthread/triangular-2.yml	true	true	9.017159	3.706855369999971	476.229632
pthread/triangular-longer-1.yml	true	true	8.512354	3.528869476000011	480.002048
pthread/triangular-longer-2.yml	true	true	8.309001	3.4808218189999707	484.851712
pthread/triangular-longest-1.yml	true	true	8.512377	3.5184141020000084	488.177664
pthread/triangular-longest-2.yml	true	true	8.570114	3.5426097490000075	486.834176
pthread/twostage_3-race.yml	false	ERROR (frontend failed, before parsing finished)	4.025035	1.4120836269999586	256.716800
pthread/twostage_3.yml	true	ERROR (frontend failed, before parsing finished)	4.387277	1.521054740000011	245.841920
pthread-atomic/dekker-b-unfair.yml	false	false(no-data-race)	9.593149	3.8029533700000115	507.850752
pthread-atomic/dekker-b.yml	false	false(no-data-race)	9.101537	3.688096479999956	482.852864
pthread-atomic/dekker-unfair.yml	true	true	10.909217	4.144063148999976	557.654016
pthread-atomic/dekker.yml	true	true	11.393996	4.178875661999996	555.024384
pthread-atomic/gcd-2.yml	false	false(no-data-race)	11.46176	4.300949686000081	595.259392
pthread-atomic/lamport-b.yml	false	false(no-data-race)	8.49852	3.4967115319999493	470.597632
pthread-atomic/lamport.yml	true	true	12.596505	4.607027263000077	606.461952
pthread-atomic/peterson-b.yml	false	false(no-data-race)	8.547127	3.54986681999992	467.668992
pthread-atomic/peterson.yml	true	true	9.288299	3.766931518999968	502.890496
pthread-atomic/qrcu-1.yml	false	ERROR (server error, after parsing finished)	13.451334	5.286049517000038	531.218432
pthread-atomic/qrcu-2.yml	false	ERROR (server error, after parsing finished)	13.723513	5.377708057999939	537.247744
pthread-atomic/read_write_lock-1.yml	true	ERROR (server error, after parsing finished)	9.050344	4.201896062999936	414.789632
pthread-atomic/read_write_lock-1b.yml	false	ERROR (server error, after parsing finished)	8.808608	4.109540303000017	403.476480
pthread-atomic/read_write_lock-2.yml	true	true	17.519433	6.152852469999971	624.181248
pthread-atomic/read_write_lock-2b.yml	false	false(no-data-race)	9.560302	3.777865924000025	506.974208
pthread-atomic/scull.yml	false	ERROR (server error, after parsing finished)	13.052067	5.152066485999967	511.598592
pthread-atomic/szymanski-b.yml	false	false(no-data-race)	8.441232	3.492316157999994	467.193856
pthread-atomic/szymanski.yml	true	true	10.564773	3.98855408899999	557.641728
pthread-atomic/time_var_mutex.yml	true	ERROR (server error, after parsing finished)	9.813657	4.203215446000058	438.181888
pthread-ext/01_inc.yml	false	TIMEOUT	40.268722	29.52530622900008	806.117376
pthread-ext/01b_inc.yml	true	TIMEOUT	40.297269	30.109618127999966	848.003072
pthread-ext/02_inc_cas.yml	true	ERROR (server error, after parsing finished)	8.591625	3.971018565999998	404.729856
pthread-ext/03_incdec.yml	true	TIMEOUT	40.659925	28.781330561000004	873.746432
pthread-ext/04_incdec_cas-race.yml	false	ERROR (server error, after parsing finished)	10.486161	4.444277925000051	444.088320
pthread-ext/04_incdec_cas.yml	true	ERROR (server error, after parsing finished)	10.556574	4.466464502000008	432.144384
pthread-ext/05_tas.yml	false	ERROR (server error, after parsing finished)	9.521198	4.1747241250000116	421.240832
pthread-ext/06_ticket.yml	false	TIMEOUT	40.308872	29.639131077000002	848.580608
pthread-ext/07_rand.yml	false	TIMEOUT	40.257691	29.517219528000055	772.190208
pthread-ext/08_rand_cas-race.yml	false	ERROR (server error, after parsing finished)	11.753652	4.758587175999992	476.262400
pthread-ext/08_rand_cas.yml	true	ERROR (server error, after parsing finished)	12.052375	4.8855005550000214	469.262336
pthread-ext/09_fmaxsym-race.yml	false	ERROR (server error, after parsing finished)	11.331585	4.736627266000028	570.765312
pthread-ext/09_fmaxsym-zero.yml	true	ERROR (server error, after parsing finished)	11.214729	4.721394749999945	579.162112
pthread-ext/09_fmaxsym.yml	true	ERROR (server error, after parsing finished)	11.389878	4.8240640279999525	577.179648
pthread-ext/10_fmaxsym_cas.yml	false	ERROR (server error, after parsing finished)	12.571084	5.052913673000035	585.596928
pthread-ext/11_fmaxsymopt-race.yml	false	ERROR (server error, after parsing finished)	11.534035	4.865460633999987	583.348224
pthread-ext/11_fmaxsymopt-zero.yml	true	ERROR (server error, after parsing finished)	11.48576	4.737427569000033	591.634432
pthread-ext/11_fmaxsymopt.yml	true	ERROR (server error, after parsing finished)	11.583359	4.89203166599998	564.359168
pthread-ext/12_fmaxsymopt_cas.yml	false	ERROR (server error, after parsing finished)	11.286751	4.702909234999993	572.538880
pthread-ext/13_unverif.yml	false	TIMEOUT	40.208787	29.96032186599996	761.081856
pthread-ext/14_spin2003.yml	true	TIMEOUT	40.169825	30.45624081099993	852.160512
pthread-ext/17_szymanski.yml	false	false(no-data-race)	8.263991	3.424937786999976	472.920064
pthread-ext/18_read_write_lock.yml	true	ERROR (server error, after parsing finished)	8.338425	3.9765124220000416	421.228544
pthread-ext/23_lu-fig2.fixed.yml	false	false(no-data-race)	9.65349	3.7401958289999584	524.210176
pthread-ext/25_stack-race.yml	false	ERROR (server error, after parsing finished)	14.326404	5.445512138000026	586.629120
pthread-ext/25_stack.yml	true	ERROR (server error, after parsing finished)	11.499663	4.702858429000003	463.314944
pthread-ext/25_stack_longer-1-race.yml	false	ERROR (server error, after parsing finished)	15.93518	6.021708788999945	657.944576
pthread-ext/25_stack_longer-1.yml	true	ERROR (server error, after parsing finished)	13.905494	5.40397537900003	537.681920
pthread-ext/25_stack_longer-2-race.yml	false	ERROR (server error, after parsing finished)	16.417435	6.191472267999984	644.292608
pthread-ext/25_stack_longer-2.yml	true	ERROR (server error, after parsing finished)	13.94025	5.435648721999996	532.897792
pthread-ext/25_stack_longest-1-race.yml	false	ERROR (server error, after parsing finished)	19.690283	7.0967844819999755	720.400384
pthread-ext/25_stack_longest-1.yml	true	ERROR (server error, after parsing finished)	18.412695	6.814764340000011	713.789440
pthread-ext/25_stack_longest-2-race.yml	false	ERROR (server error, after parsing finished)	20.513752	7.461756141999899	743.985152
pthread-ext/25_stack_longest-2.yml	true	ERROR (server error, after parsing finished)	17.640091	6.48253307799996	696.475648
pthread-ext/26_stack_cas-race.yml	false	ERROR (server error, after parsing finished)	14.017038	5.378012799999965	559.390720
pthread-ext/26_stack_cas.yml	true	ERROR (server error, after parsing finished)	14.17206	5.4336004980000325	573.292544
pthread-ext/26_stack_cas_longer-1-race.yml	false	ERROR (server error, after parsing finished)	16.793882	6.261029231000066	695.074816
pthread-ext/26_stack_cas_longer-1.yml	true	ERROR (server error, after parsing finished)	17.074499	6.375121988999922	684.314624
pthread-ext/26_stack_cas_longer-2-race.yml	false	ERROR (server error, after parsing finished)	16.134233	5.986136157000033	685.064192
pthread-ext/26_stack_cas_longer-2.yml	true	ERROR (server error, after parsing finished)	16.736119	6.19991087599999	695.861248
pthread-ext/26_stack_cas_longest-1-race.yml	false	ERROR (server error, after parsing finished)	20.442286	7.398005729999909	706.478080
pthread-ext/26_stack_cas_longest-1.yml	true	ERROR (server error, after parsing finished)	20.100832	7.320628725000006	742.232064
pthread-ext/26_stack_cas_longest-2-race.yml	false	ERROR (server error, after parsing finished)	20.919515	7.5985748379999905	739.708928
pthread-ext/26_stack_cas_longest-2.yml	true	ERROR (server error, after parsing finished)	19.288798	7.183120330999941	703.975424
pthread-ext/27_Boop_simple_vf.yml	false	TIMEOUT	40.988907	31.820850460999964	796.954624
pthread-ext/28_buggy_simple_loop1_vf.yml	true	TIMEOUT	41.236112	31.969363867000084	797.134848
pthread-ext/29_conditionals_vs.yml	true	TIMEOUT	40.257151	29.590033478999885	824.602624
pthread-ext/30_Function_Pointer3_vs.yml	false	TIMEOUT	40.574208	28.90968696499999	1337.036800
pthread-ext/31_simple_loop5_vs.yml	true				
pthread-ext/32_pthread5_vs.yml	false				
pthread-ext/33_double_lock_p1_vs.yml	false				
pthread-ext/34_double_lock_p2_vs.yml	false				
pthread-ext/35_double_lock_p3_vs.yml	true				
pthread-ext/36_stack_cas_p0_vs_concur-race.yml	false				
pthread-ext/36_stack_cas_p0_vs_concur.yml	true				
pthread-ext/37_stack_lock_p0_vs_concur-race.yml	false				
pthread-ext/37_stack_lock_p0_vs_concur.yml	true				
pthread-ext/38_rand_cas_vs_concur.yml	false				
pthread-ext/39_rand_lock_p0_vs-b.yml	false				
pthread-ext/39_rand_lock_p0_vs.yml	true				
pthread-ext/40_barrier_vf-b.yml	false				
pthread-ext/40_barrier_vf.yml	true				
pthread-ext/41_FreeBSD_abd_kbd_sliced.yml	false				
pthread-ext/42_FreeBSD_rdma_addr_sliced.yml	false				
pthread-ext/43_NetBSD_sysmon_power_sliced-pthread.yml	true				
pthread-ext/43_NetBSD_sysmon_power_sliced.yml	true				
pthread-ext/43_NetBSD_sysmon_power_sliced_2.yml	false				
pthread-ext/44_Solaris_space_map_sliced.yml	false				
pthread-ext/45_monabsex1_vs-b.yml	false				
pthread-ext/45_monabsex1_vs.yml	true				
pthread-ext/46_monabsex2_vs-b.yml	false				
pthread-ext/46_monabsex2_vs.yml	true				
pthread-ext/47_ticket_lock_hc_backoff_vs.yml	false				
pthread-ext/48_ticket_lock_low_contention_vs-b.yml	false				
pthread-ext/48_ticket_lock_low_contention_vs-pthread.yml	true				
pthread-ext/48_ticket_lock_low_contention_vs.yml	true				
pthread-wmm/mix000.oepc.yml	true				
pthread-wmm/mix000.opt.yml	true				
pthread-wmm/mix001.oepc.yml	true				
pthread-wmm/mix001.opt.yml	true				
pthread-wmm/mix002.oepc.yml	true				
pthread-wmm/mix002.opt.yml	true				
pthread-wmm/mix003.oepc.yml	true				
pthread-wmm/mix003_power.opt_pso.opt_rmo.opt_tso.opt.yml	true				
pthread-wmm/mix004.oepc.yml	true				
pthread-wmm/mix004.opt.yml	true				
pthread-wmm/mix005.opt.yml	true				
pthread-wmm/mix005_power.oepc_pso.oepc_rmo.oepc.yml	true				
pthread-wmm/mix005_tso.oepc.yml	true				
pthread-wmm/mix006.opt.yml	true				
pthread-wmm/mix006_power.oepc_pso.oepc_rmo.oepc.yml	true				
pthread-wmm/mix006_tso.oepc.yml	true				
pthread-wmm/mix007.oepc.yml	true				
pthread-wmm/mix007.opt.yml	true				
pthread-wmm/mix008.opt.yml	true				
pthread-wmm/mix008_power.oepc_pso.oepc_rmo.oepc.yml	true				
pthread-wmm/mix008_tso.oepc.yml	true				
pthread-wmm/mix009.oepc.yml	true				
pthread-wmm/mix009.opt.yml	true				
pthread-wmm/mix010.oepc.yml	true				
pthread-wmm/mix010.opt.yml	true				
pthread-wmm/mix011.opt.yml	true				
pthread-wmm/mix011_power.oepc_pso.oepc_rmo.oepc.yml	true				
pthread-wmm/mix011_tso.oepc.yml	true				
pthread-wmm/mix012_power.oepc_power.opt_pso.oepc_rmo.oepc_rmo.opt_tso.oepc.yml	true				
pthread-wmm/mix012_pso.opt_tso.opt.yml	true				
pthread-wmm/mix013.oepc.yml	true				
pthread-wmm/mix013.opt.yml	true				
pthread-wmm/mix014.opt.yml	true				
pthread-wmm/mix014_power.oepc_pso.oepc_rmo.oepc.yml	true				
pthread-wmm/mix014_tso.oepc.yml	true				
pthread-wmm/mix015.oepc.yml	true				
pthread-wmm/mix015.opt.yml	true				
pthread-wmm/mix016.oepc.yml	true				
pthread-wmm/mix016_power.opt_rmo.opt.yml	true				
pthread-wmm/mix016_pso.opt_tso.opt.yml	true				
pthread-wmm/mix017.oepc.yml	true				
pthread-wmm/mix017_power.opt_rmo.opt.yml	true				
pthread-wmm/mix017_pso.opt_tso.opt.yml	true				
pthread-wmm/mix018.opt.yml	true				
pthread-wmm/mix018_power.oepc_pso.oepc_rmo.oepc.yml	true				
pthread-wmm/mix018_tso.oepc.yml	true				
pthread-wmm/mix019.opt.yml	true				
pthread-wmm/mix019_power.oepc_pso.oepc_rmo.oepc.yml	true				
pthread-wmm/mix019_tso.oepc.yml	true				
pthread-wmm/mix020.oepc.yml	true				
pthread-wmm/mix020.opt.yml	true				
pthread-wmm/mix021.opt.yml	true				
pthread-wmm/mix021_power.oepc_pso.oepc_rmo.oepc.yml	true				
pthread-wmm/mix021_tso.oepc.yml	true				
pthread-wmm/mix022_power.oepc_power.opt_pso.oepc_pso.opt_rmo.oepc_rmo.opt.yml	true				
pthread-wmm/mix022_tso.yml	true				
pthread-wmm/mix023_power.oepc_pso.oepc_rmo.oepc.yml	true				
pthread-wmm/mix023_power.opt_pso.opt_rmo.opt.yml	true				
pthread-wmm/mix023_tso.yml	true				
pthread-wmm/mix024_power.oepc_pso.oepc_rmo.oepc_tso.oepc_tso.opt.yml	true				
pthread-wmm/mix024_power.opt_pso.opt_rmo.opt.yml	true				
pthread-wmm/mix025_power.oepc_power.opt_pso.oepc_rmo.oepc_tso.oepc_tso.opt.yml	true				
pthread-wmm/mix025_pso.opt_rmo.opt.yml	true				
pthread-wmm/mix026.oepc.yml	true				
pthread-wmm/mix026_power.opt_tso.opt.yml	true				
pthread-wmm/mix026_pso.opt_rmo.opt.yml	true				
pthread-wmm/mix027_power.oepc_pso.oepc_rmo.oepc.yml	true				
pthread-wmm/mix027_power.opt_pso.opt_rmo.opt.yml	true				
pthread-wmm/mix027_tso.yml	true				
pthread-wmm/mix028_power.oepc_pso.oepc_rmo.oepc.yml	true				
pthread-wmm/mix028_power.opt_pso.opt_rmo.opt.yml	true				
pthread-wmm/mix028_tso.yml	true				
pthread-wmm/mix029_power.oepc_pso.oepc_rmo.oepc_tso.oepc_tso.opt.yml	true				
pthread-wmm/mix029_power.opt_pso.opt_rmo.opt.yml	true				
pthread-wmm/mix030_power.oepc_pso.oepc_rmo.oepc.yml	true				
pthread-wmm/mix030_power.opt_pso.opt_rmo.opt.yml	true				
pthread-wmm/mix030_tso.yml	true				
pthread-wmm/mix031.oepc.yml	true				
pthread-wmm/mix031.opt.yml	true				
pthread-wmm/mix032.oepc.yml	true				
pthread-wmm/mix032.opt.yml	true				
pthread-wmm/mix033.opt.yml	true				
pthread-wmm/mix033_power.oepc_pso.oepc_rmo.oepc.yml	true				
pthread-wmm/mix033_tso.oepc.yml	true				
pthread-wmm/mix034_power.oepc_power.opt_pso.oepc_rmo.oepc_rmo.opt_tso.oepc.yml	true				
pthread-wmm/mix034_pso.opt_tso.opt.yml	true				
pthread-wmm/mix035.oepc.yml	true				
pthread-wmm/mix035_power.opt_rmo.opt.yml	true				
pthread-wmm/mix035_pso.opt_tso.opt.yml	true				
pthread-wmm/mix036.oepc.yml	true				
pthread-wmm/mix036_power.opt_rmo.opt.yml	true				
pthread-wmm/mix036_pso.opt_tso.opt.yml	true				
pthread-wmm/mix037.opt.yml	true				
pthread-wmm/mix037_power.oepc_pso.oepc_rmo.oepc.yml	true				
pthread-wmm/mix037_tso.oepc.yml	true				
pthread-wmm/mix038.opt.yml	true				
pthread-wmm/mix038_power.oepc_pso.oepc_rmo.oepc.yml	true				
pthread-wmm/mix038_tso.oepc.yml	true				
pthread-wmm/mix039.oepc.yml	true				
pthread-wmm/mix039.opt.yml	true				
pthread-wmm/mix040.opt.yml	true				
pthread-wmm/mix040_power.oepc_pso.oepc_rmo.oepc.yml	true				
pthread-wmm/mix040_tso.oepc.yml	true				
pthread-wmm/mix041_power.oepc_pso.oepc_rmo.oepc.yml	true				
pthread-wmm/mix041_power.opt_pso.opt_rmo.opt_tso.oepc_tso.opt.yml	true				
pthread-wmm/mix042.oepc.yml	true				
pthread-wmm/mix042.opt.yml	true				
pthread-wmm/mix043.oepc.yml	true				
pthread-wmm/mix043.opt.yml	true				
pthread-wmm/mix044.opt.yml	true				
pthread-wmm/mix044_power.oepc_pso.oepc_rmo.oepc.yml	true				
pthread-wmm/mix044_tso.oepc.yml	true				
pthread-wmm/mix045_power.oepc_pso.oepc_rmo.oepc.yml	true				
pthread-wmm/mix045_power.opt_pso.opt_rmo.opt_tso.oepc_tso.opt.yml	true				
pthread-wmm/mix046.oepc.yml	true				
pthread-wmm/mix046.opt.yml	true				
pthread-wmm/mix047_power.oepc_pso.oepc_rmo.oepc.yml	true				
pthread-wmm/mix047_power.opt_pso.opt_rmo.opt_tso.oepc_tso.opt.yml	true				
pthread-wmm/mix048_power.oepc_power.opt_pso.oepc_pso.opt_rmo.oepc_rmo.opt_tso.oepc_tso.opt-podwr000_power.oepc_power.opt_pso.oepc_pso.opt_rmo.oepc_rmo.opt_tso.oepc_tso.opt.yml	true				
pthread-wmm/mix049_power.oepc_power.opt_pso.oepc_pso.opt_rmo.oepc_rmo.opt_tso.oepc_tso.opt-podwr001_power.oepc_power.opt_pso.oepc_pso.opt_rmo.oepc_rmo.opt_tso.oepc_tso.opt.yml	true				
pthread-wmm/mix050.yml	true				
pthread-wmm/mix051_power.oepc_power.opt_pso.oepc_rmo.oepc.yml	true				
pthread-wmm/mix051_pso.opt_rmo.opt_tso.opt.yml	true				
pthread-wmm/mix051_tso.oepc.yml	true				
pthread-wmm/mix052_power.oepc_power.opt_pso.oepc_rmo.oepc.yml	true				
pthread-wmm/mix052_pso.opt_rmo.opt_tso.opt.yml	true				
pthread-wmm/mix052_tso.oepc.yml	true				
pthread-wmm/mix053.opt.yml	true				
pthread-wmm/mix053_power.oepc_pso.oepc_rmo.oepc.yml	true				
pthread-wmm/mix053_tso.oepc.yml	true				
pthread-wmm/mix054_power.oepc_power.opt_pso.oepc_rmo.oepc.yml	true				
pthread-wmm/mix054_pso.opt_rmo.opt_tso.oepc_tso.opt.yml	true				
pthread-wmm/mix055.opt.yml	true				
pthread-wmm/mix055_power.oepc_pso.oepc_rmo.oepc.yml	true				
pthread-wmm/mix055_tso.oepc.yml	true				
pthread-wmm/mix056_power.oepc_pso.oepc_rmo.oepc.yml	true				
pthread-wmm/mix056_power.opt_pso.opt_rmo.opt_tso.oepc_tso.opt.yml	true				
pthread-wmm/mix057_power.oepc_pso.oepc_rmo.oepc.yml	true				
pthread-wmm/mix057_power.opt_pso.opt_rmo.opt_tso.oepc_tso.opt.yml	true				
pthread-wmm/rfi000_power.oepc_pso.oepc_rmo.oepc.yml	true				
pthread-wmm/rfi000_power.opt_pso.opt_rmo.opt.yml	true				
pthread-wmm/rfi000_tso.yml	true				
pthread-wmm/rfi001_power.oepc_pso.oepc_rmo.oepc.yml	true				
pthread-wmm/rfi001_power.opt_pso.opt_rmo.opt_tso.oepc_tso.opt.yml	true				
pthread-wmm/rfi002_power.oepc_power.opt_pso.oepc_pso.opt_rmo.oepc_rmo.opt.yml	true				
pthread-wmm/rfi002_tso.yml	true				
pthread-wmm/rfi003_power.oepc_power.opt_pso.oepc_pso.opt_rmo.oepc_rmo.opt.yml	true				
pthread-wmm/rfi003_tso.yml	true				
pthread-wmm/rfi004.yml	true				
pthread-wmm/rfi005.yml	true				
pthread-wmm/rfi006_power.oepc.yml	true				
pthread-wmm/rfi006_power.opt.yml	true				
pthread-wmm/rfi006_pso.oepc_pso.opt_tso.oepc_tso.opt.yml	true				
pthread-wmm/rfi006_rmo.yml	true				
pthread-wmm/rfi007_power.oepc_power.opt_pso.oepc_pso.opt_rmo.oepc_rmo.opt.yml	true				
pthread-wmm/rfi007_tso.yml	true				
pthread-wmm/rfi008.oepc.yml	true				
pthread-wmm/rfi008.opt.yml	true				
pthread-wmm/rfi009_power.oepc.yml	true				
pthread-wmm/rfi009_power.opt_pso.oepc_pso.opt_rmo.opt_tso.oepc_tso.opt.yml	true				
pthread-wmm/rfi009_rmo.oepc.yml	true				
pthread-wmm/rfi010.yml	true				
pthread-wmm/safe000_power.oepc.yml	true				
pthread-wmm/safe000_power.opt.yml	true				
pthread-wmm/safe000_pso.oepc_pso.opt_tso.oepc_tso.opt.yml	true				
pthread-wmm/safe000_rmo.yml	true				
pthread-wmm/safe001_power.oepc.yml	true				
pthread-wmm/safe001_power.opt_pso.oepc_pso.opt_rmo.opt.yml	true				
pthread-wmm/safe001_rmo.oepc.yml	true				
pthread-wmm/safe001_tso.yml	true				
pthread-wmm/safe002_power.oepc.yml	true				
pthread-wmm/safe002_power.opt_pso.oepc_pso.opt_rmo.opt.yml	true				
pthread-wmm/safe002_rmo.oepc.yml	true				
pthread-wmm/safe002_tso.yml	true				
pthread-wmm/safe003_power.oepc_pso.oepc_pso.opt_rmo.oepc_rmo.opt.yml	true				
pthread-wmm/safe003_power.opt.yml	true				
pthread-wmm/safe003_tso.yml	true				
pthread-wmm/safe004_power.oepc_pso.oepc_rmo.oepc.yml	true				
pthread-wmm/safe004_power.opt_pso.opt_rmo.opt.yml	true				
pthread-wmm/safe004_tso.yml	true				
pthread-wmm/safe005_power.oepc_power.opt_pso.oepc_pso.opt_rmo.oepc_rmo.opt.yml	true				
pthread-wmm/safe005_tso.yml	true				
pthread-wmm/safe006_power.oepc-thin000_power.oepc.yml	true				
pthread-wmm/safe006_power.opt-thin000_power.opt.yml	true				
pthread-wmm/safe006_pso.oepc_pso.opt_tso.oepc_tso.opt-thin000_pso.oepc_pso.opt_tso.oepc_tso.opt.yml	true				
pthread-wmm/safe006_rmo.oepc_rmo.opt-thin000_rmo.oepc_rmo.opt.yml	true				
pthread-wmm/safe007_power.oepc-thin001_power.oepc.yml	true				
pthread-wmm/safe007_power.opt-thin001_power.opt.yml	true				
pthread-wmm/safe007_pso.oepc_pso.opt_tso.oepc_tso.opt-thin001_pso.oepc_pso.opt_tso.oepc_tso.opt.yml	true				
pthread-wmm/safe007_rmo.oepc_rmo.opt-thin001_rmo.oepc_rmo.opt.yml	true				
pthread-wmm/safe008_power.oepc_pso.oepc_pso.opt_rmo.oepc_rmo.opt.yml	true				
pthread-wmm/safe008_power.opt.yml	true				
pthread-wmm/safe008_tso.yml	true				
pthread-wmm/safe009_power.oepc.yml	true				
pthread-wmm/safe009_power.opt.yml	true				
pthread-wmm/safe009_pso.oepc_pso.opt_tso.oepc_tso.opt.yml	true				
pthread-wmm/safe009_rmo.oepc.yml	true				
pthread-wmm/safe009_rmo.opt.yml	true				
pthread-wmm/safe010_power.oepc_power.opt_pso.oepc_pso.opt_rmo.oepc_rmo.opt.yml	true				
pthread-wmm/safe010_tso.yml	true				
pthread-wmm/safe011_power.oepc_pso.oepc_rmo.oepc_rmo.opt.yml	true				
pthread-wmm/safe011_power.opt_pso.opt.yml	true				
pthread-wmm/safe011_tso.yml	true				
pthread-wmm/safe012_power.oepc.yml	true				
pthread-wmm/safe012_power.opt.yml	true				
pthread-wmm/safe012_pso.oepc_pso.opt_rmo.opt.yml	true				
pthread-wmm/safe012_rmo.oepc.yml	true				
pthread-wmm/safe012_tso.yml	true				
pthread-wmm/safe013_power.oepc_power.opt_pso.oepc_pso.opt_rmo.oepc_rmo.opt.yml	true				
pthread-wmm/safe013_tso.yml	true				
pthread-wmm/safe014_power.oepc.yml	true				
pthread-wmm/safe014_power.opt.yml	true				
pthread-wmm/safe014_pso.oepc_pso.opt_tso.oepc_tso.opt.yml	true				
pthread-wmm/safe014_rmo.oepc.yml	true				
pthread-wmm/safe014_rmo.opt.yml	true				
pthread-wmm/safe015_power.oepc.yml	true				
pthread-wmm/safe015_power.opt.yml	true				
pthread-wmm/safe015_pso.oepc_pso.opt_tso.oepc_tso.opt.yml	true				
pthread-wmm/safe015_rmo.yml	true				
pthread-wmm/safe016_power.oepc.yml	true				
pthread-wmm/safe016_power.opt.yml	true				
pthread-wmm/safe016_pso.oepc_pso.opt_tso.oepc_tso.opt.yml	true				
pthread-wmm/safe016_rmo.oepc.yml	true				
pthread-wmm/safe016_rmo.opt.yml	true				
pthread-wmm/safe017_power.oepc_power.opt_pso.oepc_pso.opt_rmo.oepc_rmo.opt.yml	true				
pthread-wmm/safe017_tso.yml	true				
pthread-wmm/safe018_power.oepc.yml	true				
pthread-wmm/safe018_power.opt.yml	true				
pthread-wmm/safe018_pso.oepc_pso.opt_tso.oepc_tso.opt.yml	true				
pthread-wmm/safe018_rmo.oepc.yml	true				
pthread-wmm/safe018_rmo.opt.yml	true				
pthread-wmm/safe019_power.oepc.yml	true				
pthread-wmm/safe019_power.opt.yml	true				
pthread-wmm/safe019_pso.oepc_pso.opt_tso.oepc_tso.opt.yml	true				
pthread-wmm/safe019_rmo.oepc.yml	true				
pthread-wmm/safe019_rmo.opt.yml	true				
pthread-wmm/safe020_power.yml	true				
pthread-wmm/safe020_pso.oepc_pso.opt_tso.oepc_tso.opt.yml	true				
pthread-wmm/safe020_rmo.yml	true				
pthread-wmm/safe021_power.oepc_pso.oepc_rmo.oepc_rmo.opt.yml	true				
pthread-wmm/safe021_power.opt_pso.opt.yml	true				
pthread-wmm/safe021_tso.yml	true				
pthread-wmm/safe022_power.oepc_power.opt_pso.oepc_pso.opt_rmo.oepc_rmo.opt.yml	true				
pthread-wmm/safe022_tso.yml	true				
pthread-wmm/safe023_power.oepc_power.opt_pso.oepc_pso.opt_rmo.oepc_rmo.opt.yml	true				
pthread-wmm/safe023_tso.yml	true				
pthread-wmm/safe024_power.oepc_power.opt_pso.oepc_pso.opt_rmo.oepc_rmo.opt.yml	true				
pthread-wmm/safe024_tso.yml	true				
pthread-wmm/safe025_power.yml	true				
pthread-wmm/safe025_pso.oepc_pso.opt_tso.oepc_tso.opt.yml	true				
pthread-wmm/safe025_rmo.yml	true				
pthread-wmm/safe026_power.oepc_power.opt_pso.oepc_pso.opt_rmo.oepc_rmo.opt.yml	true				
pthread-wmm/safe026_tso.yml	true				
pthread-wmm/safe027_power.oepc.yml	true				
pthread-wmm/safe027_power.opt.yml	true				
pthread-wmm/safe027_pso.oepc_pso.opt_tso.oepc_tso.opt.yml	true				
pthread-wmm/safe027_rmo.yml	true				
pthread-wmm/safe028_power.yml	true				
pthread-wmm/safe028_pso.oepc_pso.opt_tso.oepc_tso.opt.yml	true				
pthread-wmm/safe028_rmo.yml	true				
pthread-wmm/safe029_power.oepc_pso.oepc_rmo.oepc.yml	true				
pthread-wmm/safe029_power.opt_pso.opt_rmo.opt.yml	true				
pthread-wmm/safe029_tso.yml	true				
pthread-wmm/safe030_power.oepc_pso.oepc_rmo.oepc.yml	true				
pthread-wmm/safe030_power.opt_pso.opt_rmo.opt.yml	true				
pthread-wmm/safe030_tso.yml	true				
pthread-wmm/safe031_power.oepc_pso.oepc_rmo.oepc.yml	true				
pthread-wmm/safe031_power.opt_pso.opt_rmo.opt.yml	true				
pthread-wmm/safe031_tso.yml	true				
pthread-wmm/safe032_power.oepc_power.opt_pso.oepc_pso.opt_rmo.oepc_rmo.opt.yml	true				
pthread-wmm/safe032_tso.yml	true				
pthread-wmm/safe033_power.oepc_power.opt_pso.oepc_pso.opt_rmo.oepc_rmo.opt.yml	true				
pthread-wmm/safe033_tso.yml	true				
pthread-wmm/safe034_power.oepc_power.opt_pso.oepc_pso.opt_rmo.oepc_rmo.opt.yml	true				
pthread-wmm/safe034_tso.yml	true				
pthread-wmm/safe035_power.yml	true				
pthread-wmm/safe035_pso.oepc_pso.opt_rmo.oepc_rmo.opt_tso.oepc_tso.opt.yml	true				
pthread-wmm/safe036.yml	true				
pthread-wmm/safe037.yml	true				
pthread-wmm/thin002_power.oepc.yml	true				
pthread-wmm/thin002_power.opt.yml	true				
pthread-wmm/thin002_pso.oepc_pso.opt_tso.oepc_tso.opt.yml	true				
pthread-wmm/thin002_rmo.yml	true				
pthread-lit/fk2012.yml	false				
pthread-lit/fkp2013-1.yml	false				
pthread-lit/fkp2013-2.yml	false				
pthread-lit/fkp2013_variant-1.yml	false				
pthread-lit/fkp2013_variant-2.yml	false				
pthread-lit/fkp2014.yml	false				
pthread-lit/qw2004-1.yml	false				
pthread-lit/qw2004-2.yml	false				
pthread-lit/qw2004-2b.yml	true				
pthread-lit/qw2004_variant.yml	false				
pthread-lit/sssc12.yml	true				
pthread-lit/sssc12_variant.yml	true				
ldv-races/race-1_1-join.yml	true				
ldv-races/race-1_2-join.yml	true				
ldv-races/race-1_2b-join.yml	false				
ldv-races/race-1_3-join.yml	true				
ldv-races/race-1_3b-join.yml	false				
ldv-races/race-2_1-container_of.yml	true				
ldv-races/race-2_2-container_of.yml	true				
ldv-races/race-2_2b-container_of.yml	false				
ldv-races/race-2_3-container_of.yml	true				
ldv-races/race-2_3b-container_of.yml	false				
ldv-races/race-2_4-container_of.yml	true				
ldv-races/race-2_4b-container_of.yml	false				
ldv-races/race-2_5-container_of.yml	true				
ldv-races/race-2_5b-container_of.yml	false				
ldv-races/race-3_1-container_of-global.yml	true				
ldv-races/race-3_2-container_of-global.yml	true				
ldv-races/race-3_2b-container_of-global.yml	false				
ldv-races/race-4_1-thread_local_vars.yml	true				
ldv-races/race-4_2-thread_local_vars.yml	false				
ldv-linux-3.14-races/linux-3.14--drivers--media--platform--marvell-ccic--cafe_ccic.ko.cil-1.yml	true				
ldv-linux-3.14-races/linux-3.14--drivers--media--platform--marvell-ccic--cafe_ccic.ko.cil-2.yml	true				
ldv-linux-3.14-races/linux-3.14--drivers--net--irda--nsc-ircc.ko.cil.yml	true				
ldv-linux-3.14-races/linux-3.14--drivers--net--irda--w83977af_ir.ko.cil.yml	true				
ldv-linux-3.14-races/linux-3.14--drivers--spi--spi-tegra20-slink.ko.cil.yml	true				
ldv-linux-3.14-races/linux-3.14--drivers--usb--misc--adutux.ko.cil.yml	true				
pthread-complex/bounded_buffer.yml	true				
pthread-complex/elimination_backoff_stack-race.yml	false				
pthread-complex/elimination_backoff_stack.yml	true				
pthread-complex/safestack_relacy.yml	true				
pthread-complex/workstealqueue_mutex-1.yml	false				
pthread-complex/workstealqueue_mutex-2.yml	true				
pthread-driver-races/char_generic_nvram_nvram_unlocked_ioctl_write_nvram.yml	true				
pthread-driver-races/char_generic_nvram_read_nvram_nvram_unlocked_ioctl.yml	true				
pthread-driver-races/char_generic_nvram_read_nvram_write_nvram-race.yml	false				
pthread-driver-races/char_generic_nvram_read_nvram_write_nvram.yml	true				
pthread-driver-races/char_pc8736x_gpio_pc8736x_gpio_change_pc8736x_gpio_configure.yml	true				
pthread-driver-races/char_pc8736x_gpio_pc8736x_gpio_change_pc8736x_gpio_current-race.yml	false				
pthread-driver-races/char_pc8736x_gpio_pc8736x_gpio_change_pc8736x_gpio_current.yml	true				
pthread-driver-races/char_pc8736x_gpio_pc8736x_gpio_change_pc8736x_gpio_get.yml	true				
pthread-driver-races/char_pc8736x_gpio_pc8736x_gpio_change_pc8736x_gpio_set-race.yml	false				
pthread-driver-races/char_pc8736x_gpio_pc8736x_gpio_change_pc8736x_gpio_set.yml	true				
pthread-driver-races/char_pc8736x_gpio_pc8736x_gpio_configure_pc8736x_gpio_current.yml	true				
pthread-driver-races/char_pc8736x_gpio_pc8736x_gpio_configure_pc8736x_gpio_get.yml	true				
pthread-driver-races/char_pc8736x_gpio_pc8736x_gpio_configure_pc8736x_gpio_set.yml	true				
pthread-driver-races/char_pc8736x_gpio_pc8736x_gpio_current_pc8736x_gpio_get.yml	true				
pthread-driver-races/char_pc8736x_gpio_pc8736x_gpio_current_pc8736x_gpio_set-race.yml	false				
pthread-driver-races/char_pc8736x_gpio_pc8736x_gpio_current_pc8736x_gpio_set.yml	true				
pthread-driver-races/char_pc8736x_gpio_pc8736x_gpio_get_pc8736x_gpio_set.yml	true				
pthread-driver-races/char_pc8736x_gpio_pc8736x_gpio_open_pc8736x_gpio_change.yml	true				
pthread-driver-races/char_pc8736x_gpio_pc8736x_gpio_open_pc8736x_gpio_configure.yml	true				
pthread-driver-races/char_pc8736x_gpio_pc8736x_gpio_open_pc8736x_gpio_current.yml	true				
pthread-driver-races/char_pc8736x_gpio_pc8736x_gpio_open_pc8736x_gpio_get.yml	true				
pthread-driver-races/char_pc8736x_gpio_pc8736x_gpio_open_pc8736x_gpio_set.yml	true				
pthread-C-DAC/pthread-demo-datarace-1.yml	true				
pthread-C-DAC/pthread-demo-datarace-2.yml	false				
pthread-C-DAC/pthread-demo-datarace-3.yml	true				
pthread-C-DAC/pthread-finding-k-matches.yml	true				
pthread-C-DAC/pthread-numerical-integration.yml	true				
pthread-divine/barrier_2t.yml	false				
pthread-divine/barrier_3t.yml	false				
pthread-divine/condvar.yml	false				
pthread-divine/condvar_spurious_wakeup.yml	false				
pthread-divine/divinefifo-bug_1w1r.yml	false				
pthread-divine/divinefifo_1w1r.yml	false				
pthread-divine/one_time_barrier_2t.yml	false				
pthread-divine/one_time_barrier_3t.yml	false				
pthread-divine/one_time_barrier_twice_2t.yml	false				
pthread-divine/one_time_barrier_twice_3t.yml	false				
pthread-divine/ring_1w1r-1.yml	false				
pthread-divine/ring_1w1r-2.yml	false				
pthread-divine/ring_2w1r-1.yml	false				
pthread-divine/ring_2w1r-2.yml	false				
pthread-divine/tls_basic.yml	true				
pthread-divine/tls_destructor_worker.yml	true				
pthread-nondet/nondet-array-1.yml	false				
pthread-nondet/nondet-array-2.yml	false				
pthread-nondet/nondet-loop-bound-1.yml	false				
pthread-nondet/nondet-loop-bound-2.yml	false				
pthread-nondet/nondet-loop-bound-variant-1.yml	false				
pthread-nondet/nondet-loop-bound-variant-2.yml	false				
goblint-regression/00-sanity_09-include.yml	false				
goblint-regression/02-base_24-malloc_races.yml	false				
goblint-regression/02-base_25-malloc_race_cp.yml	false				
goblint-regression/02-base_26-malloc_struct.yml	false				
goblint-regression/03-practical_07-nonterm.yml	false				
goblint-regression/03-practical_08-nonterm1.yml	false				
goblint-regression/03-practical_15-exit_problems.yml	false				
goblint-regression/04-mutex_01-simple_rc.yml	false				
goblint-regression/04-mutex_02-simple_nr.yml	true				
goblint-regression/04-mutex_03-munge_rc.yml	false				
goblint-regression/04-mutex_04-munge_nr.yml	true				
goblint-regression/04-mutex_05-lockfuns.yml	true				
goblint-regression/04-mutex_06-ps_rc.yml	false				
goblint-regression/04-mutex_07-ps_nr.yml	true				
goblint-regression/04-mutex_09-ptrmunge_rc.yml	false				
goblint-regression/04-mutex_10-ptrmunge_nr.yml	true				
goblint-regression/04-mutex_11-ptr_rc.yml	false				
goblint-regression/04-mutex_12-ptr_nr.yml	true				
goblint-regression/04-mutex_14-funarg_rc.yml	false				
goblint-regression/04-mutex_15-funarg_nr.yml	true				
goblint-regression/04-mutex_16-ps_add1_rc.yml	false				
goblint-regression/04-mutex_17-ps_add1_nr.yml	true				
goblint-regression/04-mutex_18-glob_guards.yml	true				
goblint-regression/04-mutex_19-call_by_ptr_rc.yml	false				
goblint-regression/04-mutex_20-stdfun_rc.yml	false				
goblint-regression/04-mutex_21-sound_base.yml	false				
goblint-regression/04-mutex_22-deref_read.yml	true				
goblint-regression/04-mutex_23-sound_unlock.yml	false				
goblint-regression/04-mutex_24-sound_lock.yml	false				
goblint-regression/04-mutex_25-single_acc.yml	false				
goblint-regression/04-mutex_27-base_rc.yml	false				
goblint-regression/04-mutex_28-base_nr.yml	true				
goblint-regression/04-mutex_35-trylock_rc.yml	false				
goblint-regression/04-mutex_36-trylock_nr.yml	true				
goblint-regression/04-mutex_37-indirect_rc.yml	false				
goblint-regression/04-mutex_38-indexing_malloc.yml	false				
goblint-regression/04-mutex_41-pt_rwlock.yml	true				
goblint-regression/04-mutex_42-trylock_2mutex.yml	true				
goblint-regression/04-mutex_43-thread_create_nr.yml	true				
goblint-regression/04-mutex_44-malloc_sound.yml	false				
goblint-regression/04-mutex_45-escape_rc.yml	false				
goblint-regression/04-mutex_46-escape_nr.yml	true				
goblint-regression/04-mutex_47-fun_write.yml	false				
goblint-regression/04-mutex_50-funptr_rc.yml	false				
goblint-regression/04-mutex_51-mutex_ptr.yml	true				
goblint-regression/04-mutex_54-pt_rwlock_ww.yml	true				
goblint-regression/04-mutex_55-pt_rwlock_rr.yml	false				
goblint-regression/05-lval_ls_01-idx_rc.yml	false				
goblint-regression/05-lval_ls_02-idx_nr.yml	true				
goblint-regression/05-lval_ls_03-fld_rc.yml	false				
goblint-regression/05-lval_ls_04-fld_nr.yml	true				
goblint-regression/05-lval_ls_05-glob_idx_rc.yml	false				
goblint-regression/05-lval_ls_07-glob_fld_rc.yml	false				
goblint-regression/05-lval_ls_08-glob_fld_2_rc.yml	false				
goblint-regression/05-lval_ls_09-idxsense_rc.yml	false				
goblint-regression/05-lval_ls_11-fldsense_rc.yml	false				
goblint-regression/05-lval_ls_12-fldsense_nr.yml	true				
goblint-regression/05-lval_ls_13-idxunknown_lock.yml	false				
goblint-regression/05-lval_ls_14-idxunknown_access.yml	false				
goblint-regression/05-lval_ls_15-fldunknown_access.yml	false				
goblint-regression/05-lval_ls_16-idxunknown_unlock.yml	false				
goblint-regression/06-symbeq_02-funloop_norace.yml	true				
goblint-regression/06-symbeq_03-funloop_simple.yml	false				
goblint-regression/06-symbeq_04-funloop_hard1.yml	false				
goblint-regression/06-symbeq_05-funloop_hard2.yml	true				
goblint-regression/06-symbeq_06-tricky_address1.yml	true				
goblint-regression/06-symbeq_07-tricky_address2.yml	true				
goblint-regression/06-symbeq_08-tricky_address3.yml	true				
goblint-regression/06-symbeq_09-tricky_address4.yml	false				
goblint-regression/06-symbeq_10-equ_rc.yml	false				
goblint-regression/06-symbeq_11-equ_nr.yml	true				
goblint-regression/06-symbeq_13-equ_proc_nr.yml	true				
goblint-regression/06-symbeq_14-list_entry_rc.yml	true				
goblint-regression/06-symbeq_15-list_entry_nr.yml	true				
goblint-regression/06-symbeq_23-idxsense_nr.yml	true				
goblint-regression/09-regions_01-list_rc.yml	false				
goblint-regression/09-regions_02-list_nr.yml	true				
goblint-regression/09-regions_03-list2_rc.yml	false				
goblint-regression/09-regions_04-list2_nr.yml	true				
goblint-regression/09-regions_05-ptra_rc.yml	false				
goblint-regression/09-regions_06-ptra_nr.yml	true				
goblint-regression/09-regions_09-arraylist.yml	true				
goblint-regression/09-regions_10-arraylist_rc.yml	false				
goblint-regression/09-regions_11-arraylist_nr.yml	true				
goblint-regression/09-regions_12-arraycollapse_rc.yml	true				
goblint-regression/09-regions_13-arraycollapse_nr.yml	true				
goblint-regression/09-regions_16-arrayloop_rc.yml	false				
goblint-regression/09-regions_17-arrayloop_nr.yml	true				
goblint-regression/09-regions_18-nested_rc.yml	false				
goblint-regression/09-regions_19-nested_nr.yml	true				
goblint-regression/09-regions_20-arrayloop2_rc.yml	false				
goblint-regression/09-regions_21-arrayloop2_nr.yml	true				
goblint-regression/09-regions_22-nocollapse.yml	true				
goblint-regression/09-regions_23-evilcollapse_rc.yml	false				
goblint-regression/09-regions_24-evilcollapse_nr.yml	true				
goblint-regression/09-regions_26-alloc_region_rc.yml	false				
goblint-regression/09-regions_28-list2alloc.yml	false				
goblint-regression/10-synch_01-thread_unique.yml	true				
goblint-regression/10-synch_02-thread_nonunique.yml	false				
goblint-regression/10-synch_03-two_unique.yml	true				
goblint-regression/13-privatized_01-priv_nr_true.yml	true				
goblint-regression/13-privatized_03-priv_inv.yml	true				
goblint-regression/13-privatized_04-priv_multi_true.yml	true				
goblint-regression/13-privatized_18-first-reads_true.yml	true				
goblint-regression/13-privatized_18-first-reads_unknown_1_neg.yml	true				
goblint-regression/13-privatized_18-first-reads_unknown_1_pos.yml	true				
goblint-regression/13-privatized_18-first-reads_unknown_2_neg.yml	true				
goblint-regression/13-privatized_18-first-reads_unknown_2_pos.yml	true				
goblint-regression/13-privatized_19-publish-precision_true.yml	true				
goblint-regression/13-privatized_19-publish-precision_unknown_1_neg.yml	true				
goblint-regression/13-privatized_19-publish-precision_unknown_1_pos.yml	true				
goblint-regression/13-privatized_19-publish-precision_unknown_2_neg.yml	true				
goblint-regression/13-privatized_19-publish-precision_unknown_2_pos.yml	true				
goblint-regression/13-privatized_20-publish-regression_true.yml	true				
goblint-regression/13-privatized_24-multiple-protecting_true.yml	true				
goblint-regression/13-privatized_25-struct_nr_true.yml	true				
goblint-regression/13-privatized_27-multiple-protecting2_true.yml	true				
goblint-regression/13-privatized_29-multiple-protecting2-vesal_true.yml	true				
goblint-regression/13-privatized_30-traces-oplus-vs-meet_true.yml	true				
goblint-regression/13-privatized_31-traces-mine-vs-mutex_true.yml	true				
goblint-regression/13-privatized_32-traces-mine-vs-oplus-vs-meet_true.yml	true				
goblint-regression/13-privatized_33-traces-v-matters_true.yml	true				
goblint-regression/13-privatized_34-traces-minepp-L-needs-to-be-um_true.yml	true				
goblint-regression/13-privatized_35-traces-ex-2_true.yml	true				
goblint-regression/13-privatized_36-traces-ex-3_true.yml	true				
goblint-regression/13-privatized_37-traces-ex-4_true.yml	true				
goblint-regression/13-privatized_38-traces-ex-4-switch_true.yml	true				
goblint-regression/13-privatized_40-traces-ex-6_true.yml	true				
goblint-regression/13-privatized_41-traces-ex-7_unknown_1_neg.yml	true				
goblint-regression/13-privatized_41-traces-ex-7_unknown_1_pos.yml	true				
goblint-regression/13-privatized_42-traces-ex-mini_true.yml	true				
goblint-regression/13-privatized_44-traces-mine2_true.yml	true				
goblint-regression/13-privatized_45-traces-per-global-and-current-lock-mine-incomparable_true.yml	true				
goblint-regression/13-privatized_46-refine-protected1_true.yml	true				
goblint-regression/13-privatized_47-refine-protected2_true.yml	true				
goblint-regression/13-privatized_52-refine-protected-loop2-small_true.yml	true				
goblint-regression/13-privatized_57-singlethreaded-unlock_true.yml	true				
goblint-regression/13-privatized_58-singlethreaded-lock_true.yml	true				
goblint-regression/13-privatized_66-mine-W-init_true.yml	true				
goblint-regression/13-privatized_67-pthread_cond_wait_true.yml	true				
goblint-regression/13-privatized_67-pthread_cond_wait_unknown_1_neg.yml	true				
goblint-regression/13-privatized_67-pthread_cond_wait_unknown_1_pos.yml	true				
goblint-regression/13-privatized_68-pfscan_protected_loop_minimal_interval_true.yml	true				
goblint-regression/13-privatized_69-refine-protected-loop-interval_true.yml	true				
goblint-regression/28-race_reach_01-simple_racing.yml	true				
goblint-regression/28-race_reach_02-simple_racefree.yml	true				
goblint-regression/28-race_reach_03-munge_racing.yml	true				
goblint-regression/28-race_reach_04-munge_racefree.yml	true				
goblint-regression/28-race_reach_05-lockfuns_racefree.yml	true				
goblint-regression/28-race_reach_06-cond_racing1.yml	true				
goblint-regression/28-race_reach_07-cond_racing2.yml	true				
goblint-regression/28-race_reach_08-cond_racefree.yml	true				
goblint-regression/28-race_reach_09-ptrmunge_racing.yml	true				
goblint-regression/28-race_reach_10-ptrmunge_racefree.yml	true				
goblint-regression/28-race_reach_11-ptr_racing.yml	true				
goblint-regression/28-race_reach_12-ptr_racefree.yml	true				
goblint-regression/28-race_reach_19-callback_racing.yml	true				
goblint-regression/28-race_reach_20-callback_racefree.yml	true				
goblint-regression/28-race_reach_21-deref_read_racing.yml	true				
goblint-regression/28-race_reach_22-deref_read_racefree.yml	true				
goblint-regression/28-race_reach_23-sound_unlock_racing.yml	true				
goblint-regression/28-race_reach_24-sound_lock_racing.yml	true				
goblint-regression/28-race_reach_27-funptr_racing.yml	true				
goblint-regression/28-race_reach_28-funptr_racefree.yml	true				
goblint-regression/28-race_reach_36-indirect_racefree.yml	true				
goblint-regression/28-race_reach_37-indirect_racing.yml	true				
goblint-regression/28-race_reach_40-trylock_racing.yml	true				
goblint-regression/28-race_reach_41-trylock_racefree.yml	true				
goblint-regression/28-race_reach_42-trylock2_racefree.yml	true				
goblint-regression/28-race_reach_45-escape_racing.yml	true				
goblint-regression/28-race_reach_46-escape_racefree.yml	true				
goblint-regression/28-race_reach_51-mutexptr_racefree.yml	true				
goblint-regression/28-race_reach_60-invariant_racefree.yml	true				
goblint-regression/28-race_reach_61-invariant_racing-2.yml	false				
goblint-regression/28-race_reach_61-invariant_racing.yml	true				
goblint-regression/28-race_reach_70-funloop_racefree.yml	true				
goblint-regression/28-race_reach_71-funloop_racing.yml	true				
goblint-regression/28-race_reach_72-funloop_hard_racing.yml	true				
goblint-regression/28-race_reach_73-funloop_hard_racefree.yml	true				
goblint-regression/28-race_reach_74-tricky_address1_racefree.yml	true				
goblint-regression/28-race_reach_75-tricky_address2_racefree.yml	true				
goblint-regression/28-race_reach_76-tricky_address3_racefree.yml	true				
goblint-regression/28-race_reach_77-tricky_address4_racing.yml	true				
goblint-regression/28-race_reach_78-equ_racing.yml	true				
goblint-regression/28-race_reach_79-equ_racefree.yml	true				
goblint-regression/28-race_reach_81-list_racing.yml	true				
goblint-regression/28-race_reach_82-list_racefree.yml	true				
goblint-regression/28-race_reach_83-list2_racing1.yml	true				
goblint-regression/28-race_reach_84-list2_racing2.yml	true				
goblint-regression/28-race_reach_85-list2_racefree.yml	true				
goblint-regression/28-race_reach_86-lists_racing.yml	true				
goblint-regression/28-race_reach_87-lists_racefree.yml	true				
goblint-regression/28-race_reach_90-arrayloop2_racing.yml	true				
goblint-regression/28-race_reach_91-arrayloop2_racefree.yml	true				
goblint-regression/28-race_reach_92-evilcollapse_racing.yml	true				
goblint-regression/28-race_reach_93-evilcollapse_racefree.yml	true				
goblint-regression/28-race_reach_94-alloc_region_racing.yml	true				
goblint-regression/36-apron_11-traces-max-simple_true.yml	true				
goblint-regression/36-apron_16-traces-unprot2_true.yml	true				
goblint-regression/36-apron_17-traces-rpb-litmus_unknown_1_neg.yml	true				
goblint-regression/36-apron_17-traces-rpb-litmus_unknown_1_pos.yml	true				
goblint-regression/36-apron_21-traces-cluster-based_true.yml	true				
goblint-regression/36-apron_22-traces-write-centered-vs-meet-mutex_true_no-overflow.yml	true				
goblint-regression/36-apron_41-threadenter-no-locals_unknown_1_neg.yml	true				
goblint-regression/36-apron_41-threadenter-no-locals_unknown_1_pos.yml	true				
weaver/array-eq-symm.wvr.yml	true				
weaver/array-eq-trans.wvr.yml	true				
weaver/bench-exp1x3.wvr.yml	true				
weaver/bench-exp2x3.wvr.yml	true				
weaver/bench-exp2x4.wvr.yml	true				
weaver/bench-exp2x6.wvr.yml	true				
weaver/bench-exp2x9.wvr.yml	true				
weaver/bench-exp3x3-opt.wvr.yml	true				
weaver/bench-exp3x3.wvr.yml	true				
weaver/chl-array-int-subst.wvr.yml	true				
weaver/chl-array-int-symm.wvr.yml	true				
weaver/chl-array-int-trans.wvr.yml	true				
weaver/chl-chromosome-opt-symm.wvr.yml	true				
weaver/chl-chromosome-subst.wvr.yml	true				
weaver/chl-chromosome-symm.wvr.yml	true				
weaver/chl-chromosome-trans.wvr.yml	true				
weaver/chl-collitem-subst.wvr.yml	true				
weaver/chl-collitem-symm.wvr.yml	true				
weaver/chl-collitem-trans.wvr.yml	true				
weaver/chl-exp-term-subst.wvr.yml	true				
weaver/chl-exp-term-symm.wvr.yml	true				
weaver/chl-file-item-subst.wvr.yml	true				
weaver/chl-file-item-symm.wvr.yml	true				
weaver/chl-file-item-trans.wvr.yml	true				
weaver/chl-match-subst.wvr.yml	true				
weaver/chl-match-symm.wvr.yml	true				
weaver/chl-match-trans.wvr.yml	true				
weaver/chl-name-comparator-subst.wvr.yml	true				
weaver/chl-name-comparator-symm.wvr.yml	true				
weaver/chl-name-comparator-trans.wvr.yml	true				
weaver/chl-node-subst.wvr.yml	true				
weaver/chl-node-symm.wvr.yml	true				
weaver/chl-node-trans.wvr.yml	true				
weaver/chl-nzb-file-subst.wvr.yml	true				
weaver/chl-nzb-file-symm.wvr.yml	true				
weaver/chl-nzb-file-trans.wvr.yml	true				
weaver/chl-poker-hand-subst.wvr.yml	true				
weaver/chl-poker-hand-symm.wvr.yml	true				
weaver/chl-poker-hand-trans.wvr.yml	true				
weaver/chl-simpl-str-subst.wvr.yml	true				
weaver/chl-simpl-str-symm.wvr.yml	true				
weaver/chl-simpl-str-trans.wvr.yml	true				
weaver/chl-sre-subst.wvr.yml	true				
weaver/chl-sre-symm.wvr.yml	true				
weaver/chl-sre-trans.wvr.yml	true				
weaver/chl-time-subst.wvr.yml	true				
weaver/chl-time-symm.wvr.yml	true				
weaver/chl-time-trans.wvr.yml	true				
weaver/chl-word-subst.wvr.yml	true				
weaver/chl-word-symm.wvr.yml	true				
weaver/chl-word-trans.wvr.yml	true				
weaver/clever.wvr.yml	true				
weaver/fibonacci.wvr.yml	true				
weaver/loop-tiling-eq.wvr.yml	true				
weaver/mult-comm.wvr.yml	true				
weaver/mult-dist.wvr.yml	true				
weaver/mult-flipped-dist.wvr.yml	true				
weaver/parallel-bakery-2.wvr.yml	true				
weaver/parallel-bakery-3.wvr.yml	true				
weaver/parallel-bakery-4.wvr.yml	true				
weaver/parallel-barrier-loop.wvr.yml	true				
weaver/parallel-barrier.wvr.yml	true				
weaver/parallel-bluetooth.wvr.yml	true				
weaver/parallel-lamport.wvr.yml	true				
weaver/parallel-min-max-1.wvr.yml	true				
weaver/parallel-misc-1.wvr.yml	true				
weaver/parallel-misc-2-unrolled-atomic.wvr.yml	true				
weaver/parallel-misc-2-unrolled.wvr.yml	true				
weaver/parallel-misc-2.wvr.yml	true				
weaver/parallel-misc-3-extended.wvr.yml	true				
weaver/parallel-misc-3.wvr.yml	true				
weaver/parallel-misc-4.wvr.yml	true				
weaver/parallel-misc-5.wvr.yml	true				
weaver/parallel-parallel-sum-1-dsl.wvr.yml	true				
weaver/parallel-parallel-sum-1.wvr.yml	true				
weaver/parallel-parallel-sum-2.wvr.yml	true				
weaver/parallel-parallel-sum-equiv.wvr.yml	true				
weaver/parallel-simple-equiv.wvr.yml	true				
weaver/parallel-ticket-2.wvr.yml	true				
weaver/parallel-ticket-3.wvr.yml	true				
weaver/parallel-ticket-4.wvr.yml	true				
weaver/parallel-ticket-5.wvr.yml	true				
weaver/parallel-ticket-6.wvr.yml	true				
weaver/parallel-ticket-7.wvr.yml	true				
weaver/parallel-ticket-8.wvr.yml	true				
weaver/popl20-bad-buffer-mult-alt.wvr.yml	true				
weaver/popl20-bad-buffer-mult-alt2.wvr.yml	true				
weaver/popl20-bad-buffer-mult-alt3.wvr.yml	true				
weaver/popl20-bad-commit-1.wvr-bad.yml	true				
weaver/popl20-bad-commit-2.wvr-bad.yml	true				
weaver/popl20-bad-counter-queue.wvr.yml	true				
weaver/popl20-bad-counter-queue2.wvr.yml	true				
weaver/popl20-bad-dot-product-alt.wvr.yml	true				
weaver/popl20-bad-dot-product.wvr.yml	true				
weaver/popl20-bad-ring-nondet.wvr.yml	true				
weaver/popl20-bad-ring.wvr.yml	true				
weaver/popl20-bad-threaded-sum-2.wvr.yml	true				
weaver/popl20-bad-three-array-sum-alt.wvr.yml	true				
weaver/popl20-channel-sum.wvr.yml	true				
weaver/popl20-commit-1.wvr.yml	true				
weaver/popl20-commit-2.wvr.yml	true				
weaver/popl20-counter-determinism.wvr.yml	true				
weaver/popl20-counter-fun.wvr.yml	true				
weaver/popl20-difference-det.wvr.yml	true				
weaver/popl20-figure1-alt.wvr.yml	true				
weaver/popl20-figure1.wvr.yml	true				
weaver/popl20-figure3.wvr.yml	true				
weaver/popl20-horseshoe.wvr.yml	true				
weaver/popl20-min-max-dec.wvr.yml	true				
weaver/popl20-min-max-inc-dec.wvr.yml	true				
weaver/popl20-min-max-inc.wvr.yml	true				
weaver/popl20-more-array-sum-alt.wvr.yml	true				
weaver/popl20-more-array-sum-alt2.wvr.yml	true				
weaver/popl20-more-array-sum.wvr.yml	true				
weaver/popl20-more-array-sum2.wvr.yml	true				
weaver/popl20-more-buffer-mult.wvr.yml	true				
weaver/popl20-more-buffer-mult2.wvr.yml	true				
weaver/popl20-more-buffer-mult3.wvr.yml	true				
weaver/popl20-more-buffer-series.wvr.yml	true				
weaver/popl20-more-buffer-series2.wvr.yml	true				
weaver/popl20-more-buffer-series3.wvr.yml	true				
weaver/popl20-more-dec-subseq.wvr.yml	true				
weaver/popl20-more-inc-subseq.wvr.yml	true				
weaver/popl20-more-max-array-hom.wvr.yml	true				
weaver/popl20-more-max-array.wvr.yml	true				
weaver/popl20-more-min-array-hom.wvr.yml	true				
weaver/popl20-more-min-array.wvr.yml	true				
weaver/popl20-more-min-le-max.wvr.yml	true				
weaver/popl20-more-mts.wvr.yml	true				
weaver/popl20-more-multiply-verify.wvr.yml	true				
weaver/popl20-more-nonblocking-counter-alt2.wvr.yml	true				
weaver/popl20-more-parray-copy.wvr.yml	false				
weaver/popl20-more-queue-add-2-nl.wvr.yml	true				
weaver/popl20-more-queue-add-3-nl.wvr.yml	true				
weaver/popl20-more-sorted.wvr.yml	true				
weaver/popl20-more-sum-array-hom.wvr.yml	true				
weaver/popl20-more-vector-add.wvr.yml	true				
weaver/popl20-mult-4.wvr.yml	true				
weaver/popl20-mult-equiv.wvr.yml	true				
weaver/popl20-nonblocking-cntr-alt.wvr.yml	true				
weaver/popl20-nonblocking-cntr.wvr.yml	true				
weaver/popl20-prod-cons-eq.wvr.yml	true				
weaver/popl20-prod-cons.wvr.yml	true				
weaver/popl20-prod-cons3.wvr.yml	true				
weaver/popl20-proofs-counter-add-4-semi-Q67.wvr.yml	true				
weaver/popl20-queue-add-2.wvr.yml	true				
weaver/popl20-queue-add-3.wvr.yml	true				
weaver/popl20-send-receive-alt.wvr.yml	true				
weaver/popl20-send-receive.wvr.yml	true				
weaver/popl20-simple-array-sum.wvr.yml	true				
weaver/popl20-simple-queue.wvr.yml	true				
weaver/popl20-threaded-sum-3.wvr.yml	true				
weaver/popl20-three-array-max.wvr.yml	true				
weaver/popl20-three-array-min.wvr.yml	true				
weaver/popl20-three-array-sum.wvr.yml	true				
weaver/popl20-two-queue.wvr.yml	true				
weaver/security.wvr.yml	true				
weaver/spaghetti.wvr.yml	true				
weaver/test-context1.wvr.yml	true				
weaver/test-easy1.wvr.yml	true				
weaver/test-easy10.wvr.yml	true				
weaver/test-easy11.wvr.yml	true				
weaver/test-easy6.wvr.yml	true				
weaver/test-easy7.wvr.yml	true				
weaver/test-easy8.wvr.yml	true				
weaver/test-hard1.wvr.yml	true				
weaver/test-semi1.wvr.yml	true				
weaver/unroll-2.wvr.yml	true				
weaver/unroll-3.wvr.yml	true				
weaver/unroll-4.wvr.yml	true				
weaver/unroll-5.wvr.yml	true				
weaver/unroll-cond-2.wvr.yml	true				
weaver/unroll-cond-3.wvr.yml	true				
weaver/unroll-cond-4.wvr.yml	true				
weaver/unroll-cond-5.wvr.yml	true				
pthread-deagle/airline-10.yml	false				
pthread-deagle/airline-15.yml	false				
pthread-deagle/airline-20.yml	false				
pthread-deagle/airline-25.yml	false				
pthread-deagle/airline-5.yml	false				
pthread-deagle/arithmetic_prog_bad.yml	true				
pthread-deagle/arithmetic_prog_ok.yml	true				
pthread-deagle/circular_buffer_bad.yml	true				
pthread-deagle/circular_buffer_ok.yml	true				
pthread-deagle/floating_read-10.yml	false				
pthread-deagle/floating_read-15.yml	false				
pthread-deagle/floating_read-20.yml	false				
pthread-deagle/floating_read-25.yml	false				
pthread-deagle/floating_read-5.yml	false				
pthread-deagle/reorder_c11_bad-10.yml	false				
pthread-deagle/reorder_c11_bad-20.yml	false				
pthread-deagle/reorder_c11_bad-30.yml	false				
pthread-deagle/reorder_c11_bad-40.yml	false				
pthread-deagle/reorder_c11_bad-50.yml	false				
pthread-deagle/reorder_c11_good-10.yml	false				
pthread-deagle/reorder_c11_good-20.yml	false				
pthread-deagle/reorder_c11_good-30.yml	false				
pthread-deagle/reorder_c11_good-40.yml	false				
pthread-deagle/reorder_c11_good-50.yml	false				
pthread-race-challenges/atomic-gcc.yml	true				
pthread-race-challenges/per-thread-array-index-race-2.yml	false				
pthread-race-challenges/per-thread-array-index-race.yml	false				
pthread-race-challenges/per-thread-array-index.yml	true				
pthread-race-challenges/per-thread-array-init-race.yml	false				
pthread-race-challenges/per-thread-array-init.yml	true				
pthread-race-challenges/per-thread-array-join-counter-2.yml	true				
pthread-race-challenges/per-thread-array-join-counter-race-2.yml	false				
pthread-race-challenges/per-thread-array-join-counter-race-3.yml	false				
pthread-race-challenges/per-thread-array-join-counter-race-4.yml	false				
pthread-race-challenges/per-thread-array-join-counter-race.yml	false				
pthread-race-challenges/per-thread-array-join-counter.yml	true				
pthread-race-challenges/per-thread-array-ptr-race.yml	false				
pthread-race-challenges/per-thread-array-ptr.yml	true				
pthread-race-challenges/per-thread-index-bitmask-race-2.yml	false				
pthread-race-challenges/per-thread-index-bitmask-race-3.yml	false				
pthread-race-challenges/per-thread-index-bitmask-race.yml	false				
pthread-race-challenges/per-thread-index-bitmask.yml	true				
pthread-race-challenges/per-thread-index-inc-race-2.yml	false				
pthread-race-challenges/per-thread-index-inc-race.yml	false				
pthread-race-challenges/per-thread-index-inc.yml	true				
pthread-race-challenges/per-thread-struct-in-array-race.yml	false				
pthread-race-challenges/per-thread-struct-in-array.yml	true				
pthread-race-challenges/per-thread-struct-race.yml	false				
pthread-race-challenges/per-thread-struct-tid-join.yml	true				
pthread-race-challenges/per-thread-struct-tid.yml	true				
pthread-race-challenges/per-thread-struct.yml	true				
pthread-race-challenges/semaphore-posix-race-2.yml	false				
pthread-race-challenges/semaphore-posix-race.yml	false				
pthread-race-challenges/semaphore-posix.yml	true				
pthread-race-challenges/thread-join-array-const-race-2.yml	false				
pthread-race-challenges/thread-join-array-const-race-3.yml	false				
pthread-race-challenges/thread-join-array-const-race.yml	false				
pthread-race-challenges/thread-join-array-const.yml	true				
pthread-race-challenges/thread-join-array-dynamic-race-2.yml	false				
pthread-race-challenges/thread-join-array-dynamic-race-3.yml	false				
pthread-race-challenges/thread-join-array-dynamic-race.yml	false				
pthread-race-challenges/thread-join-array-dynamic.yml	true				
pthread-race-challenges/thread-join-binomial-race-2.yml	false				
pthread-race-challenges/thread-join-binomial-race-3.yml	false				
pthread-race-challenges/thread-join-binomial-race.yml	false				
pthread-race-challenges/thread-join-binomial.yml	true				
pthread-race-challenges/thread-join-counter-inner-2.yml	true				
pthread-race-challenges/thread-join-counter-inner-3.yml	true				
pthread-race-challenges/thread-join-counter-inner-race-2.yml	false				
pthread-race-challenges/thread-join-counter-inner-race-3.yml	false				
pthread-race-challenges/thread-join-counter-inner-race-4.yml	false				
pthread-race-challenges/thread-join-counter-inner-race-5.yml	false				
pthread-race-challenges/thread-join-counter-inner-race.yml	false				
pthread-race-challenges/thread-join-counter-inner.yml	true				
pthread-race-challenges/thread-join-counter-outer-race-2.yml	false				
pthread-race-challenges/thread-join-counter-outer-race-3.yml	false				
pthread-race-challenges/thread-join-counter-outer-race-4.yml	false				
pthread-race-challenges/thread-join-counter-outer-race.yml	false				
pthread-race-challenges/thread-join-counter-outer.yml	true				
pthread-race-challenges/thread-local-pthread-value-cond.yml	true				
pthread-race-challenges/thread-local-pthread-value.yml	true				
pthread-race-challenges/thread-local-value-cond.yml	true				
pthread-race-challenges/thread-local-value-dynamic.yml	true				
pthread-race-challenges/thread-local-value-race.yml	false				
pthread-race-challenges/thread-local-value.yml	true				
pthread-race-challenges/value-barrier-race.yml	false				
pthread-race-challenges/value-barrier.yml	true				
libvsync/arraylock.yml	true				
libvsync/bounded_mpmc_check_full.yml	true				
libvsync/bounded_spsc.yml	false				
libvsync/caslock.yml	false				
libvsync/cnalock.yml	true				
libvsync/hclhlock.yml	true				
libvsync/hemlock.yml	false				
libvsync/hmcslock.yml	true				
libvsync/mcslock.yml	true				
libvsync/rec_mcslock.yml	true				
libvsync/rec_spinlock.yml	false				
libvsync/rec_ticketlock.yml	true				
libvsync/rwlock.yml	true				
libvsync/semaphore.yml	true				
libvsync/ticketlock.yml	true				
libvsync/ttaslock.yml	true				
libvsync/twalock.yml	false				
pthread-theta/exponential-4.yml	true				
pthread-theta/exponential-64.yml	true				
pthread-theta/exponential-nondet.yml	true				
pthread-theta/unwind1-1.yml	true				
pthread-theta/unwind1-100.yml	true				
pthread-theta/unwind1-nondet.yml	true				
pthread-theta/unwind2-1.yml	true				
pthread-theta/unwind2-100.yml	true				
pthread-theta/unwind2-nondet.yml	true				
pthread-theta/unwind3-1.yml	true				
pthread-theta/unwind3-100.yml	true				
pthread-theta/unwind3-nondet.yml	true				
pthread-theta/wsc.yml	true				
