tool		Theta 6.3.4	Theta 6.3.4	Theta 6.3.4	Theta 6.3.4
run set		SV-COMP24_unreach-call.ReachSafety-Floats	SV-COMP24_unreach-call.ReachSafety-Floats	SV-COMP24_unreach-call.ReachSafety-Floats	SV-COMP24_unreach-call.ReachSafety-Floats
../sv-benchmarks/c/		status	cputime (s)	walltime (s)	memory (MB)
float-benchs/float_double.yml	true	true	5.00021	2.8186448980000023	427.442176
float-benchs/zonotope_loose.c.v+cfa-reducer.yml	true	TIMEOUT	20.422409	13.805684041999996	630.411264
float-benchs/float_int_inv_square.yml	false	false(unreach-call)	6.432047	3.1786351339999896	478.367744
floats-cdfpl/square_3.yml	false	TIMEOUT	20.763403	16.562692544000015	522.313728
floats-cbmc-regression/float11.yml	true	true	5.175148	2.821964707999996	421.515264
float-benchs/nan_double.yml	false	false(unreach-call)	5.788496	2.985345412000015	447.791104
float-benchs/Rump_double.yml	true	true	6.305445	3.1633100639999725	454.094848
floats-cdfpl/newton_2_2.yml	true	TIMEOUT	20.819022	16.41719397999998	771.702784
floats-cdfpl/sine_3.yml	false	false(unreach-call)	13.368191	10.064325242999985	564.084736
float-benchs/zonotope_3.c.v+lhb-reducer.yml	true	TIMEOUT	20.736306	13.386429792000001	1207.402496
float-benchs/filter2.yml	true	TIMEOUT	20.731778	12.078049011999951	847.433728
floats-cdfpl/sine_4.yml	true	TIMEOUT	20.757401	16.594509197000093	570.695680
floats-esbmc-regression/Float_div.yml	true	true	11.029085	4.5830406420000145	589.434880
floats-cdfpl/newton_2_7.yml	false	false(unreach-call)	9.105054	5.269601228999932	778.240000
float-benchs/rlim_invariant.c.v+lhb-reducer.yml	true	TIMEOUT	20.170564	9.836616124999978	539.144192
float-benchs/zonotope_tight.yml	true	TIMEOUT	20.54388	14.098793755999964	801.026048
loop-floats-scientific-comp/loop1-1.yml	true	TIMEOUT	20.985368	11.050967942999932	612.478976
neural-networks/tanh_1_unsafe.c-amalgamation.yml	false	ERROR (frontend failed)	3.796382	1.3790673610000113	292.536320
floats-cdfpl/newton_2_5.yml	true	TIMEOUT	20.790243	16.529943412999955	773.812224
float-benchs/rlim_invariant.c.v+nlh-reducer.yml	true	TIMEOUT	20.275601	9.629855703999965	550.375424
floats-esbmc-regression/Double_div_bad.i.p+cfa-reducer.yml	false	TIMEOUT	20.985852	8.147476823000034	567.877632
floats-cdfpl/newton_2_6.yml	false	TIMEOUT	20.903949	16.163251397000067	772.182016
floats-cdfpl/sine_1.yml	false	false(unreach-call)	10.08117	6.813334861000044	563.470336
float-benchs/rlim_invariant.c.p+cfa-reducer.yml	true	TIMEOUT	20.445972	9.584217862999935	550.850560
floats-cbmc-regression/float-to-double1.yml	true	TIMEOUT	20.336303	14.004384841999922	548.491264
floats-cdfpl/newton_2_3.yml	true	TIMEOUT	20.86319	16.292660667000064	775.741440
floats-cdfpl/newton_3_2.yml	true	TIMEOUT	21.010643	15.841103617000044	999.952384
floats-cdfpl/newton_3_6.yml	false	TIMEOUT	21.006292	15.854922854000051	937.144320
neural-networks/lunarlander_26_safe.c-amalgamation.yml	true	ERROR (frontend failed)	5.798257	2.0553508189999548	403.689472
float-benchs/exp_loop.yml	true	TIMEOUT	10.594642	61.02126504299997	382.939136
floats-cbmc-regression/float14.yml	true	true	7.772506	3.5264765059999945	549.449728
float-benchs/filter2_reinit.yml	true	TIMEOUT	20.271412	14.498478766000062	760.430592
floats-cdfpl/newton_1_6.yml	false	false(unreach-call)	8.232906	4.468711238999958	629.121024
floats-cdfpl/square_2.yml	false	TIMEOUT	20.739506	16.64962932000003	533.639168
float-benchs/filter1.c.v+nlh-reducer.yml	true	TIMEOUT	20.2765	11.314064062999933	605.630464
float-benchs/zonotope_3.yml	true	TIMEOUT	20.245131	9.35276807799994	634.392576
floats-cbmc-regression/float6.yml	true	true	7.213063	3.3098159730000134	495.480832
floats-esbmc-regression/Float_div_bad.yml	false	false(unreach-call)	10.906927	4.6632390949999944	520.163328
floats-esbmc-regression/rounding_functions.yml	true	true	8.538776	3.7118038040000556	562.298880
float-benchs/zonotope_3.c.p+cfa-reducer.yml	true	TIMEOUT	20.294449	11.972876189999965	774.909952
floats-cdfpl/square_1.yml	false	false(unreach-call)	18.853947	15.333617936999985	542.838784
float-benchs/nan_float_range.yml	true	TIMEOUT	20.135079	14.435824314000001	480.382976
float-benchs/loop-1.yml	true	TIMEOUT	21.240675	8.827544318000037	551.358464
float-benchs/Muller_Kahan.yml	true	TIMEOUT	21.028033	11.271230612000068	4166.238208
float-benchs/feedback_diverge.yml	true	TIMEOUT	21.243001	10.760959568999965	647.925760
float-benchs/interpolation.c.v+nlh-reducer.yml	true	TIMEOUT	7.141123	61.022098777	468.643840
floats-cdfpl/newton_1_3.yml	true	TIMEOUT	20.850537	16.312790995	628.830208
floats-cdfpl/sine_7.yml	true	TIMEOUT	20.757158	16.608488564000027	549.527552
float-benchs/rlim_invariant.yml	true	TIMEOUT	20.911226	12.768533828000045	529.481728
floats-cdfpl/newton_2_1.yml	true	TIMEOUT	20.904791	16.1636586300001	792.866816
