tool		Theta 6.6.4	Theta 6.6.4	Theta 6.6.4	Theta 6.6.4
run set		SV-COMP24_unreach-call.ECA	SV-COMP24_unreach-call.ECA	SV-COMP24_unreach-call.ECA	SV-COMP24_unreach-call.ECA
../sv-benchmarks/c/		status	cputime (s)	walltime (s)	memory (MB)
eca-rers2012/Problem01_label00.yml	true	TIMEOUT	21.136523	7.74304546999997	863.744000
eca-rers2012/Problem01_label01.yml	true	TIMEOUT	22.997298	7.4404389730000275	872.636416
eca-rers2012/Problem01_label02.yml	true	TIMEOUT	23.049364	7.388179494999974	952.438784
eca-rers2012/Problem01_label03.yml	true	TIMEOUT	22.682396	7.495300070999974	930.390016
eca-rers2012/Problem01_label04.yml	true	TIMEOUT	22.848992	7.470785353000053	874.315776
eca-rers2012/Problem01_label05.yml	true	TIMEOUT	22.714236	7.461413766000021	927.641600
eca-rers2012/Problem01_label06.yml	true	TIMEOUT	22.297622	7.418259863999992	973.647872
eca-rers2012/Problem01_label07.yml	true	TIMEOUT	22.181955	7.3661518990000445	988.991488
eca-rers2012/Problem01_label08.yml	true	TIMEOUT	22.567696	7.461202995999997	887.074816
eca-rers2012/Problem01_label09.yml	true	TIMEOUT	22.944677	7.4429634759999885	933.199872
eca-rers2012/Problem01_label10.yml	true	TIMEOUT	22.878894	7.468072695999979	932.352000
eca-rers2012/Problem01_label11.yml	true	TIMEOUT	22.733885	7.440844776000006	973.910016
eca-rers2012/Problem01_label12.yml	true	TIMEOUT	22.937168	7.474135543999978	899.244032
eca-rers2012/Problem01_label13.yml	true	TIMEOUT	21.622976	7.401268437999988	1005.846528
eca-rers2012/Problem01_label14.yml	true	TIMEOUT	22.927594	7.44858995200002	942.878720
eca-rers2012/Problem01_label15.yml	false	TIMEOUT	22.719568	7.431464687999949	959.262720
eca-rers2012/Problem01_label16.yml	true	TIMEOUT	22.77576	7.4056866359999844	871.403520
eca-rers2012/Problem01_label17.yml	true	TIMEOUT	21.941493	7.458383013000002	953.888768
eca-rers2012/Problem01_label18.yml	true	TIMEOUT	22.247119	7.413454611999953	956.129280
eca-rers2012/Problem01_label19.yml	true	TIMEOUT	21.417551	7.318374308999978	1029.836800
eca-rers2012/Problem01_label20.yml	false	TIMEOUT	22.976023	7.45904761700001	941.236224
eca-rers2012/Problem01_label21.yml	false	TIMEOUT	22.82841	7.489938522999978	964.562944
eca-rers2012/Problem01_label22.yml	true	TIMEOUT	22.343171	7.372619225999983	968.638464
eca-rers2012/Problem01_label23.yml	true	TIMEOUT	22.787401	7.513738205999971	871.636992
eca-rers2012/Problem01_label24.yml	true	TIMEOUT	22.737193	7.400930134999953	906.915840
eca-rers2012/Problem01_label25.yml	true	TIMEOUT	22.581234	7.39233377100004	927.555584
eca-rers2012/Problem01_label26.yml	true	TIMEOUT	22.092714	7.398549584999955	957.542400
eca-rers2012/Problem01_label27.yml	true	TIMEOUT	22.928266	7.459749769999917	891.392000
eca-rers2012/Problem01_label28.yml	true	TIMEOUT	21.797712	7.4347308459999795	974.954496
eca-rers2012/Problem01_label29.yml	true	TIMEOUT	21.414432	7.390683718999981	1030.721536
eca-rers2012/Problem01_label30.yml	true	TIMEOUT	21.610935	7.242551519000017	1064.022016
eca-rers2012/Problem01_label31.yml	true	TIMEOUT	21.630459	7.437198992000049	947.732480
eca-rers2012/Problem01_label32.yml	false	TIMEOUT	22.533266	7.383171360000006	928.280576
eca-rers2012/Problem01_label33.yml	false	TIMEOUT	22.758758	7.41829476099997	959.954944
eca-rers2012/Problem01_label34.yml	true	TIMEOUT	22.400136	7.398988061000068	999.972864
eca-rers2012/Problem01_label35.yml	false	TIMEOUT	22.876944	7.463970589000041	858.984448
eca-rers2012/Problem01_label36.yml	true	TIMEOUT	22.734317	7.523899217000007	934.801408
eca-rers2012/Problem01_label37.yml	false				
eca-rers2012/Problem01_label38.yml	false				
eca-rers2012/Problem01_label39.yml	true				
eca-rers2012/Problem01_label40.yml	true				
eca-rers2012/Problem01_label41.yml	true				
eca-rers2012/Problem01_label42.yml	true				
eca-rers2012/Problem01_label43.yml	true				
eca-rers2012/Problem01_label44.yml	false				
eca-rers2012/Problem01_label45.yml	true				
eca-rers2012/Problem01_label46.yml	true				
eca-rers2012/Problem01_label47.yml	false				
eca-rers2012/Problem01_label48.yml	true				
eca-rers2012/Problem01_label49.yml	true				
eca-rers2012/Problem01_label50.yml	false				
eca-rers2012/Problem01_label51.yml	true				
eca-rers2012/Problem01_label52.yml	true				
eca-rers2012/Problem01_label53.yml	true				
eca-rers2012/Problem01_label54.yml	true				
eca-rers2012/Problem01_label55.yml	true				
eca-rers2012/Problem01_label56.yml	false				
eca-rers2012/Problem01_label57.yml	false				
eca-rers2012/Problem01_label58.yml	true				
eca-rers2012/Problem01_label59.yml	true				
eca-rers2012/Problem02_label00.yml	true				
eca-rers2012/Problem02_label01.yml	true				
eca-rers2012/Problem02_label02.yml	true				
eca-rers2012/Problem02_label03.yml	true				
eca-rers2012/Problem02_label04.yml	true				
eca-rers2012/Problem02_label05.yml	true				
eca-rers2012/Problem02_label06.yml	true				
eca-rers2012/Problem02_label07.yml	true				
eca-rers2012/Problem02_label08.yml	true				
eca-rers2012/Problem02_label09.yml	true				
eca-rers2012/Problem02_label10.yml	true				
eca-rers2012/Problem02_label11.yml	true				
eca-rers2012/Problem02_label12.yml	true				
eca-rers2012/Problem02_label13.yml	false				
eca-rers2012/Problem02_label14.yml	true				
eca-rers2012/Problem02_label15.yml	true				
eca-rers2012/Problem02_label16.yml	false				
eca-rers2012/Problem02_label17.yml	true				
eca-rers2012/Problem02_label18.yml	true				
eca-rers2012/Problem02_label19.yml	true				
eca-rers2012/Problem02_label20.yml	true				
eca-rers2012/Problem02_label21.yml	true				
eca-rers2012/Problem02_label22.yml	true				
eca-rers2012/Problem02_label23.yml	true				
eca-rers2012/Problem02_label24.yml	true				
eca-rers2012/Problem02_label25.yml	true				
eca-rers2012/Problem02_label26.yml	true				
eca-rers2012/Problem02_label27.yml	true				
eca-rers2012/Problem02_label28.yml	true				
eca-rers2012/Problem02_label29.yml	true				
eca-rers2012/Problem02_label30.yml	true				
eca-rers2012/Problem02_label31.yml	true				
eca-rers2012/Problem02_label32.yml	true				
eca-rers2012/Problem02_label33.yml	true				
eca-rers2012/Problem02_label34.yml	true				
eca-rers2012/Problem02_label35.yml	true				
eca-rers2012/Problem02_label36.yml	true				
eca-rers2012/Problem02_label37.yml	true				
eca-rers2012/Problem02_label38.yml	true				
eca-rers2012/Problem02_label39.yml	true				
eca-rers2012/Problem02_label40.yml	true				
eca-rers2012/Problem02_label41.yml	true				
eca-rers2012/Problem02_label42.yml	true				
eca-rers2012/Problem02_label43.yml	false				
eca-rers2012/Problem02_label44.yml	false				
eca-rers2012/Problem02_label45.yml	false				
eca-rers2012/Problem02_label46.yml	true				
eca-rers2012/Problem02_label47.yml	true				
eca-rers2012/Problem02_label48.yml	true				
eca-rers2012/Problem02_label49.yml	true				
eca-rers2012/Problem02_label50.yml	false				
eca-rers2012/Problem02_label51.yml	true				
eca-rers2012/Problem02_label52.yml	true				
eca-rers2012/Problem02_label53.yml	true				
eca-rers2012/Problem02_label54.yml	true				
eca-rers2012/Problem02_label55.yml	true				
eca-rers2012/Problem02_label56.yml	true				
eca-rers2012/Problem02_label57.yml	true				
eca-rers2012/Problem02_label58.yml	true				
eca-rers2012/Problem02_label59.yml	false				
eca-rers2012/Problem03_label00.yml	true				
eca-rers2012/Problem03_label01.yml	true				
eca-rers2012/Problem03_label02.yml	true				
eca-rers2012/Problem03_label03.yml	true				
eca-rers2012/Problem03_label04.yml	true				
eca-rers2012/Problem03_label05.yml	true				
eca-rers2012/Problem03_label06.yml	true				
eca-rers2012/Problem03_label07.yml	true				
eca-rers2012/Problem03_label08.yml	true				
eca-rers2012/Problem03_label09.yml	false				
eca-rers2012/Problem03_label10.yml	true				
eca-rers2012/Problem03_label11.yml	true				
eca-rers2012/Problem03_label12.yml	true				
eca-rers2012/Problem03_label13.yml	false				
eca-rers2012/Problem03_label14.yml	true				
eca-rers2012/Problem03_label15.yml	true				
eca-rers2012/Problem03_label16.yml	true				
eca-rers2012/Problem03_label17.yml	true				
eca-rers2012/Problem03_label18.yml	true				
eca-rers2012/Problem03_label19.yml	true				
eca-rers2012/Problem03_label20.yml	true				
eca-rers2012/Problem03_label21.yml	true				
eca-rers2012/Problem03_label22.yml	true				
eca-rers2012/Problem03_label23.yml	true				
eca-rers2012/Problem03_label24.yml	true				
eca-rers2012/Problem03_label25.yml	true				
eca-rers2012/Problem03_label26.yml	false				
eca-rers2012/Problem03_label27.yml	false				
eca-rers2012/Problem03_label28.yml	false				
eca-rers2012/Problem03_label29.yml	true				
eca-rers2012/Problem03_label30.yml	true				
eca-rers2012/Problem03_label31.yml	false				
eca-rers2012/Problem03_label32.yml	true				
eca-rers2012/Problem03_label33.yml	true				
eca-rers2012/Problem03_label34.yml	true				
eca-rers2012/Problem03_label35.yml	false				
eca-rers2012/Problem03_label36.yml	true				
eca-rers2012/Problem03_label37.yml	false				
eca-rers2012/Problem03_label38.yml	true				
eca-rers2012/Problem03_label39.yml	false				
eca-rers2012/Problem03_label40.yml	true				
eca-rers2012/Problem03_label41.yml	true				
eca-rers2012/Problem03_label42.yml	true				
eca-rers2012/Problem03_label43.yml	false				
eca-rers2012/Problem03_label44.yml	true				
eca-rers2012/Problem03_label45.yml	false				
eca-rers2012/Problem03_label46.yml	true				
eca-rers2012/Problem03_label47.yml	true				
eca-rers2012/Problem03_label48.yml	true				
eca-rers2012/Problem03_label49.yml	true				
eca-rers2012/Problem03_label50.yml	false				
eca-rers2012/Problem03_label51.yml	true				
eca-rers2012/Problem03_label52.yml	false				
eca-rers2012/Problem03_label53.yml	true				
eca-rers2012/Problem03_label54.yml	true				
eca-rers2012/Problem03_label55.yml	true				
eca-rers2012/Problem03_label56.yml	true				
eca-rers2012/Problem03_label57.yml	true				
eca-rers2012/Problem03_label58.yml	true				
eca-rers2012/Problem03_label59.yml	true				
eca-rers2012/Problem04_label00.yml	true				
eca-rers2012/Problem04_label01.yml	true				
eca-rers2012/Problem04_label02.yml	true				
eca-rers2012/Problem04_label03.yml	true				
eca-rers2012/Problem04_label04.yml	false				
eca-rers2012/Problem04_label05.yml	true				
eca-rers2012/Problem04_label06.yml	false				
eca-rers2012/Problem04_label07.yml	true				
eca-rers2012/Problem04_label08.yml	true				
eca-rers2012/Problem04_label09.yml	false				
eca-rers2012/Problem04_label10.yml	true				
eca-rers2012/Problem04_label11.yml	false				
eca-rers2012/Problem04_label12.yml	false				
eca-rers2012/Problem04_label13.yml	false				
eca-rers2012/Problem04_label14.yml	false				
eca-rers2012/Problem04_label15.yml	false				
eca-rers2012/Problem04_label16.yml	true				
eca-rers2012/Problem04_label17.yml	false				
eca-rers2012/Problem04_label18.yml	false				
eca-rers2012/Problem04_label19.yml	false				
eca-rers2012/Problem04_label20.yml	true				
eca-rers2012/Problem04_label21.yml	true				
eca-rers2012/Problem04_label22.yml	true				
eca-rers2012/Problem04_label23.yml	true				
eca-rers2012/Problem04_label24.yml	true				
eca-rers2012/Problem04_label25.yml	true				
eca-rers2012/Problem04_label26.yml	false				
eca-rers2012/Problem04_label27.yml	false				
eca-rers2012/Problem04_label28.yml	true				
eca-rers2012/Problem04_label29.yml	true				
eca-rers2012/Problem04_label30.yml	true				
eca-rers2012/Problem04_label31.yml	false				
eca-rers2012/Problem04_label32.yml	false				
eca-rers2012/Problem04_label33.yml	true				
eca-rers2012/Problem04_label34.yml	true				
eca-rers2012/Problem04_label35.yml	false				
eca-rers2012/Problem04_label36.yml	false				
eca-rers2012/Problem04_label37.yml	true				
eca-rers2012/Problem04_label38.yml	false				
eca-rers2012/Problem04_label39.yml	false				
eca-rers2012/Problem04_label40.yml	false				
eca-rers2012/Problem04_label41.yml	true				
eca-rers2012/Problem04_label42.yml	true				
eca-rers2012/Problem04_label43.yml	true				
eca-rers2012/Problem04_label44.yml	true				
eca-rers2012/Problem04_label45.yml	false				
eca-rers2012/Problem04_label46.yml	true				
eca-rers2012/Problem04_label47.yml	true				
eca-rers2012/Problem04_label48.yml	true				
eca-rers2012/Problem04_label49.yml	true				
eca-rers2012/Problem04_label50.yml	true				
eca-rers2012/Problem04_label51.yml	true				
eca-rers2012/Problem04_label52.yml	false				
eca-rers2012/Problem04_label53.yml	true				
eca-rers2012/Problem04_label54.yml	true				
eca-rers2012/Problem04_label55.yml	false				
eca-rers2012/Problem04_label56.yml	true				
eca-rers2012/Problem04_label57.yml	true				
eca-rers2012/Problem04_label58.yml	false				
eca-rers2012/Problem04_label59.yml	true				
eca-rers2012/Problem05_label00.yml	false				
eca-rers2012/Problem05_label01.yml	false				
eca-rers2012/Problem05_label02.yml	true				
eca-rers2012/Problem05_label03.yml	true				
eca-rers2012/Problem05_label04.yml	true				
eca-rers2012/Problem05_label05.yml	true				
eca-rers2012/Problem05_label06.yml	true				
eca-rers2012/Problem05_label07.yml	true				
eca-rers2012/Problem05_label08.yml	true				
eca-rers2012/Problem05_label09.yml	true				
eca-rers2012/Problem05_label10.yml	true				
eca-rers2012/Problem05_label11.yml	false				
eca-rers2012/Problem05_label12.yml	true				
eca-rers2012/Problem05_label13.yml	false				
eca-rers2012/Problem05_label14.yml	true				
eca-rers2012/Problem05_label15.yml	false				
eca-rers2012/Problem05_label16.yml	true				
eca-rers2012/Problem05_label17.yml	true				
eca-rers2012/Problem05_label18.yml	false				
eca-rers2012/Problem05_label19.yml	true				
eca-rers2012/Problem05_label20.yml	true				
eca-rers2012/Problem05_label21.yml	true				
eca-rers2012/Problem05_label22.yml	true				
eca-rers2012/Problem05_label23.yml	true				
eca-rers2012/Problem05_label24.yml	false				
eca-rers2012/Problem05_label25.yml	true				
eca-rers2012/Problem05_label26.yml	false				
eca-rers2012/Problem05_label27.yml	true				
eca-rers2012/Problem05_label28.yml	true				
eca-rers2012/Problem05_label29.yml	true				
eca-rers2012/Problem05_label30.yml	false				
eca-rers2012/Problem05_label31.yml	true				
eca-rers2012/Problem05_label32.yml	false				
eca-rers2012/Problem05_label33.yml	false				
eca-rers2012/Problem05_label34.yml	true				
eca-rers2012/Problem05_label35.yml	true				
eca-rers2012/Problem05_label36.yml	false				
eca-rers2012/Problem05_label37.yml	false				
eca-rers2012/Problem05_label38.yml	false				
eca-rers2012/Problem05_label39.yml	false				
eca-rers2012/Problem05_label40.yml	false				
eca-rers2012/Problem05_label41.yml	false				
eca-rers2012/Problem05_label42.yml	true				
eca-rers2012/Problem05_label43.yml	true				
eca-rers2012/Problem05_label44.yml	false				
eca-rers2012/Problem05_label45.yml	true				
eca-rers2012/Problem05_label46.yml	true				
eca-rers2012/Problem05_label47.yml	false				
eca-rers2012/Problem05_label48.yml	false				
eca-rers2012/Problem05_label49.yml	true				
eca-rers2012/Problem05_label50.yml	true				
eca-rers2012/Problem05_label51.yml	false				
eca-rers2012/Problem05_label52.yml	true				
eca-rers2012/Problem05_label53.yml	true				
eca-rers2012/Problem05_label54.yml	true				
eca-rers2012/Problem05_label55.yml	false				
eca-rers2012/Problem05_label56.yml	true				
eca-rers2012/Problem05_label57.yml	false				
eca-rers2012/Problem05_label58.yml	false				
eca-rers2012/Problem05_label59.yml	true				
eca-rers2012/Problem06_label00.yml	false				
eca-rers2012/Problem06_label01.yml	false				
eca-rers2012/Problem06_label02.yml	false				
eca-rers2012/Problem06_label03.yml	true				
eca-rers2012/Problem06_label04.yml	false				
eca-rers2012/Problem06_label05.yml	false				
eca-rers2012/Problem06_label06.yml	true				
eca-rers2012/Problem06_label07.yml	true				
eca-rers2012/Problem06_label08.yml	true				
eca-rers2012/Problem06_label09.yml	false				
eca-rers2012/Problem06_label10.yml	false				
eca-rers2012/Problem06_label11.yml	false				
eca-rers2012/Problem06_label12.yml	false				
eca-rers2012/Problem06_label13.yml	true				
eca-rers2012/Problem06_label14.yml	true				
eca-rers2012/Problem06_label15.yml	false				
eca-rers2012/Problem06_label16.yml	true				
eca-rers2012/Problem06_label17.yml	true				
eca-rers2012/Problem06_label18.yml	true				
eca-rers2012/Problem06_label19.yml	true				
eca-rers2012/Problem06_label20.yml	false				
eca-rers2012/Problem06_label21.yml	false				
eca-rers2012/Problem06_label22.yml	true				
eca-rers2012/Problem06_label23.yml	true				
eca-rers2012/Problem06_label24.yml	false				
eca-rers2012/Problem06_label25.yml	true				
eca-rers2012/Problem06_label26.yml	true				
eca-rers2012/Problem06_label27.yml	false				
eca-rers2012/Problem06_label28.yml	true				
eca-rers2012/Problem06_label29.yml	false				
eca-rers2012/Problem06_label30.yml	true				
eca-rers2012/Problem06_label31.yml	true				
eca-rers2012/Problem06_label32.yml	true				
eca-rers2012/Problem06_label33.yml	false				
eca-rers2012/Problem06_label34.yml	true				
eca-rers2012/Problem06_label35.yml	true				
eca-rers2012/Problem06_label36.yml	false				
eca-rers2012/Problem06_label37.yml	false				
eca-rers2012/Problem06_label38.yml	false				
eca-rers2012/Problem06_label39.yml	true				
eca-rers2012/Problem06_label40.yml	true				
eca-rers2012/Problem06_label41.yml	true				
eca-rers2012/Problem06_label42.yml	true				
eca-rers2012/Problem06_label43.yml	true				
eca-rers2012/Problem06_label44.yml	false				
eca-rers2012/Problem06_label45.yml	true				
eca-rers2012/Problem06_label46.yml	true				
eca-rers2012/Problem06_label47.yml	false				
eca-rers2012/Problem06_label48.yml	false				
eca-rers2012/Problem06_label49.yml	true				
eca-rers2012/Problem06_label50.yml	true				
eca-rers2012/Problem06_label51.yml	true				
eca-rers2012/Problem06_label52.yml	true				
eca-rers2012/Problem06_label53.yml	true				
eca-rers2012/Problem06_label54.yml	true				
eca-rers2012/Problem06_label55.yml	true				
eca-rers2012/Problem06_label56.yml	false				
eca-rers2012/Problem06_label57.yml	true				
eca-rers2012/Problem06_label58.yml	false				
eca-rers2012/Problem06_label59.yml	false				
eca-rers2012/Problem07_label00.yml	true				
eca-rers2012/Problem07_label01.yml	true				
eca-rers2012/Problem07_label02.yml	true				
eca-rers2012/Problem07_label03.yml	false				
eca-rers2012/Problem07_label04.yml	true				
eca-rers2012/Problem07_label05.yml	false				
eca-rers2012/Problem07_label06.yml	false				
eca-rers2012/Problem07_label07.yml	false				
eca-rers2012/Problem07_label08.yml	true				
eca-rers2012/Problem07_label09.yml	false				
eca-rers2012/Problem07_label10.yml	true				
eca-rers2012/Problem07_label11.yml	false				
eca-rers2012/Problem07_label12.yml	true				
eca-rers2012/Problem07_label13.yml	true				
eca-rers2012/Problem07_label14.yml	true				
eca-rers2012/Problem07_label15.yml	false				
eca-rers2012/Problem07_label16.yml	true				
eca-rers2012/Problem07_label17.yml	true				
eca-rers2012/Problem07_label18.yml	false				
eca-rers2012/Problem07_label19.yml	false				
eca-rers2012/Problem07_label20.yml	false				
eca-rers2012/Problem07_label21.yml	true				
eca-rers2012/Problem07_label22.yml	true				
eca-rers2012/Problem07_label23.yml	false				
eca-rers2012/Problem07_label24.yml	true				
eca-rers2012/Problem07_label25.yml	true				
eca-rers2012/Problem07_label26.yml	true				
eca-rers2012/Problem07_label27.yml	true				
eca-rers2012/Problem07_label28.yml	true				
eca-rers2012/Problem07_label29.yml	true				
eca-rers2012/Problem07_label30.yml	false				
eca-rers2012/Problem07_label31.yml	false				
eca-rers2012/Problem07_label32.yml	true				
eca-rers2012/Problem07_label33.yml	true				
eca-rers2012/Problem07_label34.yml	true				
eca-rers2012/Problem07_label35.yml	false				
eca-rers2012/Problem07_label36.yml	false				
eca-rers2012/Problem07_label37.yml	false				
eca-rers2012/Problem07_label38.yml	true				
eca-rers2012/Problem07_label39.yml	false				
eca-rers2012/Problem07_label40.yml	false				
eca-rers2012/Problem07_label41.yml	true				
eca-rers2012/Problem07_label42.yml	false				
eca-rers2012/Problem07_label43.yml	true				
eca-rers2012/Problem07_label44.yml	false				
eca-rers2012/Problem07_label45.yml	true				
eca-rers2012/Problem07_label46.yml	false				
eca-rers2012/Problem07_label47.yml	false				
eca-rers2012/Problem07_label48.yml	false				
eca-rers2012/Problem07_label49.yml	true				
eca-rers2012/Problem07_label50.yml	true				
eca-rers2012/Problem07_label51.yml	true				
eca-rers2012/Problem07_label52.yml	true				
eca-rers2012/Problem07_label53.yml	true				
eca-rers2012/Problem07_label54.yml	true				
eca-rers2012/Problem07_label55.yml	true				
eca-rers2012/Problem07_label56.yml	true				
eca-rers2012/Problem07_label57.yml	true				
eca-rers2012/Problem07_label58.yml	false				
eca-rers2012/Problem07_label59.yml	true				
eca-rers2012/Problem08_label00.yml	true				
eca-rers2012/Problem08_label01.yml	false				
eca-rers2012/Problem08_label02.yml	false				
eca-rers2012/Problem08_label03.yml	true				
eca-rers2012/Problem08_label04.yml	false				
eca-rers2012/Problem08_label05.yml	false				
eca-rers2012/Problem08_label06.yml	false				
eca-rers2012/Problem08_label07.yml	false				
eca-rers2012/Problem08_label08.yml	true				
eca-rers2012/Problem08_label09.yml	true				
eca-rers2012/Problem08_label10.yml	false				
eca-rers2012/Problem08_label11.yml	true				
eca-rers2012/Problem08_label12.yml	true				
eca-rers2012/Problem08_label13.yml	false				
eca-rers2012/Problem08_label14.yml	true				
eca-rers2012/Problem08_label15.yml	false				
eca-rers2012/Problem08_label16.yml	true				
eca-rers2012/Problem08_label17.yml	true				
eca-rers2012/Problem08_label18.yml	true				
eca-rers2012/Problem08_label19.yml	true				
eca-rers2012/Problem08_label20.yml	true				
eca-rers2012/Problem08_label21.yml	true				
eca-rers2012/Problem08_label22.yml	true				
eca-rers2012/Problem08_label23.yml	true				
eca-rers2012/Problem08_label24.yml	false				
eca-rers2012/Problem08_label25.yml	false				
eca-rers2012/Problem08_label26.yml	false				
eca-rers2012/Problem08_label27.yml	true				
eca-rers2012/Problem08_label28.yml	false				
eca-rers2012/Problem08_label29.yml	false				
eca-rers2012/Problem08_label30.yml	true				
eca-rers2012/Problem08_label31.yml	true				
eca-rers2012/Problem08_label32.yml	true				
eca-rers2012/Problem08_label33.yml	true				
eca-rers2012/Problem08_label34.yml	false				
eca-rers2012/Problem08_label35.yml	true				
eca-rers2012/Problem08_label36.yml	true				
eca-rers2012/Problem08_label37.yml	false				
eca-rers2012/Problem08_label38.yml	true				
eca-rers2012/Problem08_label39.yml	true				
eca-rers2012/Problem08_label40.yml	true				
eca-rers2012/Problem08_label41.yml	true				
eca-rers2012/Problem08_label42.yml	true				
eca-rers2012/Problem08_label43.yml	false				
eca-rers2012/Problem08_label44.yml	true				
eca-rers2012/Problem08_label45.yml	true				
eca-rers2012/Problem08_label46.yml	false				
eca-rers2012/Problem08_label47.yml	true				
eca-rers2012/Problem08_label48.yml	false				
eca-rers2012/Problem08_label49.yml	false				
eca-rers2012/Problem08_label50.yml	false				
eca-rers2012/Problem08_label51.yml	false				
eca-rers2012/Problem08_label52.yml	true				
eca-rers2012/Problem08_label53.yml	true				
eca-rers2012/Problem08_label54.yml	true				
eca-rers2012/Problem08_label55.yml	false				
eca-rers2012/Problem08_label56.yml	true				
eca-rers2012/Problem08_label57.yml	true				
eca-rers2012/Problem08_label58.yml	true				
eca-rers2012/Problem08_label59.yml	false				
eca-rers2012/Problem09_label00.yml	true				
eca-rers2012/Problem09_label01.yml	true				
eca-rers2012/Problem09_label02.yml	false				
eca-rers2012/Problem09_label03.yml	false				
eca-rers2012/Problem09_label04.yml	true				
eca-rers2012/Problem09_label05.yml	true				
eca-rers2012/Problem09_label06.yml	false				
eca-rers2012/Problem09_label07.yml	true				
eca-rers2012/Problem09_label08.yml	false				
eca-rers2012/Problem09_label09.yml	true				
eca-rers2012/Problem09_label10.yml	false				
eca-rers2012/Problem09_label11.yml	false				
eca-rers2012/Problem09_label12.yml	true				
eca-rers2012/Problem09_label13.yml	true				
eca-rers2012/Problem09_label14.yml	true				
eca-rers2012/Problem09_label15.yml	false				
eca-rers2012/Problem09_label16.yml	true				
eca-rers2012/Problem09_label17.yml	true				
eca-rers2012/Problem09_label18.yml	true				
eca-rers2012/Problem09_label19.yml	false				
eca-rers2012/Problem09_label20.yml	false				
eca-rers2012/Problem09_label21.yml	true				
eca-rers2012/Problem09_label22.yml	true				
eca-rers2012/Problem09_label23.yml	true				
eca-rers2012/Problem09_label24.yml	true				
eca-rers2012/Problem09_label25.yml	true				
eca-rers2012/Problem09_label26.yml	true				
eca-rers2012/Problem09_label27.yml	true				
eca-rers2012/Problem09_label28.yml	true				
eca-rers2012/Problem09_label29.yml	true				
eca-rers2012/Problem09_label30.yml	true				
eca-rers2012/Problem09_label31.yml	true				
eca-rers2012/Problem09_label32.yml	false				
eca-rers2012/Problem09_label33.yml	true				
eca-rers2012/Problem09_label34.yml	false				
eca-rers2012/Problem09_label35.yml	false				
eca-rers2012/Problem09_label36.yml	false				
eca-rers2012/Problem09_label37.yml	true				
eca-rers2012/Problem09_label38.yml	false				
eca-rers2012/Problem09_label39.yml	true				
eca-rers2012/Problem09_label40.yml	true				
eca-rers2012/Problem09_label41.yml	false				
eca-rers2012/Problem09_label42.yml	true				
eca-rers2012/Problem09_label43.yml	true				
eca-rers2012/Problem09_label44.yml	false				
eca-rers2012/Problem09_label45.yml	true				
eca-rers2012/Problem09_label46.yml	false				
eca-rers2012/Problem09_label47.yml	false				
eca-rers2012/Problem09_label48.yml	true				
eca-rers2012/Problem09_label49.yml	true				
eca-rers2012/Problem09_label50.yml	true				
eca-rers2012/Problem09_label51.yml	false				
eca-rers2012/Problem09_label52.yml	true				
eca-rers2012/Problem09_label53.yml	false				
eca-rers2012/Problem09_label54.yml	false				
eca-rers2012/Problem09_label55.yml	true				
eca-rers2012/Problem09_label56.yml	false				
eca-rers2012/Problem09_label57.yml	false				
eca-rers2012/Problem09_label58.yml	true				
eca-rers2012/Problem09_label59.yml	false				
eca-rers2012/Problem10_label00.yml	true				
eca-rers2012/Problem10_label01.yml	true				
eca-rers2012/Problem10_label02.yml	true				
eca-rers2012/Problem10_label03.yml	true				
eca-rers2012/Problem10_label04.yml	true				
eca-rers2012/Problem10_label05.yml	true				
eca-rers2012/Problem10_label06.yml	true				
eca-rers2012/Problem10_label07.yml	true				
eca-rers2012/Problem10_label08.yml	true				
eca-rers2012/Problem10_label09.yml	true				
eca-rers2012/Problem10_label10.yml	true				
eca-rers2012/Problem10_label11.yml	true				
eca-rers2012/Problem10_label12.yml	false				
eca-rers2012/Problem10_label13.yml	true				
eca-rers2012/Problem10_label14.yml	true				
eca-rers2012/Problem10_label15.yml	false				
eca-rers2012/Problem10_label16.yml	true				
eca-rers2012/Problem10_label17.yml	true				
eca-rers2012/Problem10_label18.yml	true				
eca-rers2012/Problem10_label19.yml	true				
eca-rers2012/Problem10_label20.yml	true				
eca-rers2012/Problem10_label21.yml	true				
eca-rers2012/Problem10_label22.yml	true				
eca-rers2012/Problem10_label23.yml	true				
eca-rers2012/Problem10_label24.yml	false				
eca-rers2012/Problem10_label25.yml	true				
eca-rers2012/Problem10_label26.yml	false				
eca-rers2012/Problem10_label27.yml	true				
eca-rers2012/Problem10_label28.yml	false				
eca-rers2012/Problem10_label29.yml	false				
eca-rers2012/Problem10_label30.yml	true				
eca-rers2012/Problem10_label31.yml	true				
eca-rers2012/Problem10_label32.yml	true				
eca-rers2012/Problem10_label33.yml	true				
eca-rers2012/Problem10_label34.yml	true				
eca-rers2012/Problem10_label35.yml	true				
eca-rers2012/Problem10_label36.yml	true				
eca-rers2012/Problem10_label37.yml	true				
eca-rers2012/Problem10_label38.yml	true				
eca-rers2012/Problem10_label39.yml	true				
eca-rers2012/Problem10_label40.yml	true				
eca-rers2012/Problem10_label41.yml	false				
eca-rers2012/Problem10_label42.yml	false				
eca-rers2012/Problem10_label43.yml	true				
eca-rers2012/Problem10_label44.yml	true				
eca-rers2012/Problem10_label45.yml	true				
eca-rers2012/Problem10_label46.yml	false				
eca-rers2012/Problem10_label47.yml	false				
eca-rers2012/Problem10_label48.yml	false				
eca-rers2012/Problem10_label49.yml	true				
eca-rers2012/Problem10_label50.yml	false				
eca-rers2012/Problem10_label51.yml	true				
eca-rers2012/Problem10_label52.yml	true				
eca-rers2012/Problem10_label53.yml	true				
eca-rers2012/Problem10_label54.yml	true				
eca-rers2012/Problem10_label55.yml	false				
eca-rers2012/Problem10_label56.yml	true				
eca-rers2012/Problem10_label57.yml	false				
eca-rers2012/Problem10_label58.yml	false				
eca-rers2012/Problem10_label59.yml	true				
eca-rers2012/Problem11_label00.yml	false				
eca-rers2012/Problem11_label01.yml	true				
eca-rers2012/Problem11_label02.yml	true				
eca-rers2012/Problem11_label03.yml	true				
eca-rers2012/Problem11_label04.yml	true				
eca-rers2012/Problem11_label05.yml	true				
eca-rers2012/Problem11_label06.yml	true				
eca-rers2012/Problem11_label07.yml	true				
eca-rers2012/Problem11_label08.yml	false				
eca-rers2012/Problem11_label09.yml	true				
eca-rers2012/Problem11_label10.yml	true				
eca-rers2012/Problem11_label11.yml	true				
eca-rers2012/Problem11_label12.yml	true				
eca-rers2012/Problem11_label13.yml	true				
eca-rers2012/Problem11_label14.yml	false				
eca-rers2012/Problem11_label15.yml	false				
eca-rers2012/Problem11_label16.yml	true				
eca-rers2012/Problem11_label17.yml	true				
eca-rers2012/Problem11_label18.yml	true				
eca-rers2012/Problem11_label19.yml	true				
eca-rers2012/Problem11_label20.yml	false				
eca-rers2012/Problem11_label21.yml	true				
eca-rers2012/Problem11_label22.yml	true				
eca-rers2012/Problem11_label23.yml	true				
eca-rers2012/Problem11_label24.yml	true				
eca-rers2012/Problem11_label25.yml	true				
eca-rers2012/Problem11_label26.yml	true				
eca-rers2012/Problem11_label27.yml	true				
eca-rers2012/Problem11_label28.yml	true				
eca-rers2012/Problem11_label29.yml	false				
eca-rers2012/Problem11_label30.yml	true				
eca-rers2012/Problem11_label31.yml	false				
eca-rers2012/Problem11_label32.yml	true				
eca-rers2012/Problem11_label33.yml	true				
eca-rers2012/Problem11_label34.yml	false				
eca-rers2012/Problem11_label35.yml	true				
eca-rers2012/Problem11_label36.yml	false				
eca-rers2012/Problem11_label37.yml	true				
eca-rers2012/Problem11_label38.yml	true				
eca-rers2012/Problem11_label39.yml	false				
eca-rers2012/Problem11_label40.yml	true				
eca-rers2012/Problem11_label41.yml	true				
eca-rers2012/Problem11_label42.yml	false				
eca-rers2012/Problem11_label43.yml	false				
eca-rers2012/Problem11_label44.yml	true				
eca-rers2012/Problem11_label45.yml	true				
eca-rers2012/Problem11_label46.yml	true				
eca-rers2012/Problem11_label47.yml	true				
eca-rers2012/Problem11_label48.yml	true				
eca-rers2012/Problem11_label49.yml	false				
eca-rers2012/Problem11_label50.yml	true				
eca-rers2012/Problem11_label51.yml	false				
eca-rers2012/Problem11_label52.yml	true				
eca-rers2012/Problem11_label53.yml	true				
eca-rers2012/Problem11_label54.yml	true				
eca-rers2012/Problem11_label55.yml	true				
eca-rers2012/Problem11_label56.yml	true				
eca-rers2012/Problem11_label57.yml	true				
eca-rers2012/Problem11_label58.yml	false				
eca-rers2012/Problem11_label59.yml	true				
eca-rers2012/Problem12_label00.yml	false				
eca-rers2012/Problem12_label01.yml	true				
eca-rers2012/Problem12_label02.yml	true				
eca-rers2012/Problem12_label03.yml	false				
eca-rers2012/Problem12_label04.yml	true				
eca-rers2012/Problem12_label05.yml	true				
eca-rers2012/Problem12_label06.yml	false				
eca-rers2012/Problem12_label07.yml	false				
eca-rers2012/Problem12_label08.yml	false				
eca-rers2012/Problem12_label09.yml	true				
eca-rers2012/Problem12_label10.yml	false				
eca-rers2012/Problem12_label11.yml	true				
eca-rers2012/Problem12_label12.yml	true				
eca-rers2012/Problem12_label13.yml	false				
eca-rers2012/Problem12_label14.yml	true				
eca-rers2012/Problem12_label15.yml	true				
eca-rers2012/Problem12_label16.yml	true				
eca-rers2012/Problem12_label17.yml	true				
eca-rers2012/Problem12_label18.yml	true				
eca-rers2012/Problem12_label19.yml	false				
eca-rers2012/Problem12_label20.yml	false				
eca-rers2012/Problem12_label21.yml	false				
eca-rers2012/Problem12_label22.yml	true				
eca-rers2012/Problem12_label23.yml	true				
eca-rers2012/Problem12_label24.yml	true				
eca-rers2012/Problem12_label25.yml	false				
eca-rers2012/Problem12_label26.yml	true				
eca-rers2012/Problem12_label27.yml	true				
eca-rers2012/Problem12_label28.yml	false				
eca-rers2012/Problem12_label29.yml	true				
eca-rers2012/Problem12_label30.yml	false				
eca-rers2012/Problem12_label31.yml	true				
eca-rers2012/Problem12_label32.yml	true				
eca-rers2012/Problem12_label33.yml	true				
eca-rers2012/Problem12_label34.yml	false				
eca-rers2012/Problem12_label35.yml	false				
eca-rers2012/Problem12_label36.yml	true				
eca-rers2012/Problem12_label37.yml	false				
eca-rers2012/Problem12_label38.yml	false				
eca-rers2012/Problem12_label39.yml	false				
eca-rers2012/Problem12_label40.yml	false				
eca-rers2012/Problem12_label41.yml	true				
eca-rers2012/Problem12_label42.yml	false				
eca-rers2012/Problem12_label43.yml	true				
eca-rers2012/Problem12_label44.yml	true				
eca-rers2012/Problem12_label45.yml	true				
eca-rers2012/Problem12_label46.yml	true				
eca-rers2012/Problem12_label47.yml	true				
eca-rers2012/Problem12_label48.yml	false				
eca-rers2012/Problem12_label49.yml	true				
eca-rers2012/Problem12_label50.yml	false				
eca-rers2012/Problem12_label51.yml	false				
eca-rers2012/Problem12_label52.yml	false				
eca-rers2012/Problem12_label53.yml	true				
eca-rers2012/Problem12_label54.yml	true				
eca-rers2012/Problem12_label55.yml	false				
eca-rers2012/Problem12_label56.yml	true				
eca-rers2012/Problem12_label57.yml	true				
eca-rers2012/Problem12_label58.yml	true				
eca-rers2012/Problem12_label59.yml	true				
eca-rers2012/Problem13_label00.yml	true				
eca-rers2012/Problem13_label01.yml	true				
eca-rers2012/Problem13_label02.yml	true				
eca-rers2012/Problem13_label03.yml	true				
eca-rers2012/Problem13_label04.yml	false				
eca-rers2012/Problem13_label05.yml	true				
eca-rers2012/Problem13_label06.yml	false				
eca-rers2012/Problem13_label07.yml	false				
eca-rers2012/Problem13_label08.yml	true				
eca-rers2012/Problem13_label09.yml	true				
eca-rers2012/Problem13_label10.yml	true				
eca-rers2012/Problem13_label11.yml	false				
eca-rers2012/Problem13_label12.yml	false				
eca-rers2012/Problem13_label13.yml	true				
eca-rers2012/Problem13_label14.yml	true				
eca-rers2012/Problem13_label15.yml	true				
eca-rers2012/Problem13_label16.yml	false				
eca-rers2012/Problem13_label17.yml	true				
eca-rers2012/Problem13_label18.yml	true				
eca-rers2012/Problem13_label19.yml	false				
eca-rers2012/Problem13_label20.yml	true				
eca-rers2012/Problem13_label21.yml	false				
eca-rers2012/Problem13_label22.yml	true				
eca-rers2012/Problem13_label23.yml	false				
eca-rers2012/Problem13_label24.yml	false				
eca-rers2012/Problem13_label25.yml	false				
eca-rers2012/Problem13_label26.yml	true				
eca-rers2012/Problem13_label27.yml	true				
eca-rers2012/Problem13_label28.yml	false				
eca-rers2012/Problem13_label29.yml	false				
eca-rers2012/Problem13_label30.yml	false				
eca-rers2012/Problem13_label31.yml	true				
eca-rers2012/Problem13_label32.yml	false				
eca-rers2012/Problem13_label33.yml	true				
eca-rers2012/Problem13_label34.yml	true				
eca-rers2012/Problem13_label35.yml	false				
eca-rers2012/Problem13_label36.yml	false				
eca-rers2012/Problem13_label37.yml	true				
eca-rers2012/Problem13_label38.yml	true				
eca-rers2012/Problem13_label39.yml	true				
eca-rers2012/Problem13_label40.yml	false				
eca-rers2012/Problem13_label41.yml	true				
eca-rers2012/Problem13_label42.yml	true				
eca-rers2012/Problem13_label43.yml	false				
eca-rers2012/Problem13_label44.yml	false				
eca-rers2012/Problem13_label45.yml	false				
eca-rers2012/Problem13_label46.yml	true				
eca-rers2012/Problem13_label47.yml	true				
eca-rers2012/Problem13_label48.yml	false				
eca-rers2012/Problem13_label49.yml	true				
eca-rers2012/Problem13_label50.yml	true				
eca-rers2012/Problem13_label51.yml	false				
eca-rers2012/Problem13_label52.yml	true				
eca-rers2012/Problem13_label53.yml	true				
eca-rers2012/Problem13_label54.yml	false				
eca-rers2012/Problem13_label55.yml	true				
eca-rers2012/Problem13_label56.yml	true				
eca-rers2012/Problem13_label57.yml	true				
eca-rers2012/Problem13_label58.yml	false				
eca-rers2012/Problem13_label59.yml	true				
eca-rers2012/Problem14_label00.yml	true				
eca-rers2012/Problem14_label01.yml	true				
eca-rers2012/Problem14_label02.yml	false				
eca-rers2012/Problem14_label03.yml	true				
eca-rers2012/Problem14_label04.yml	true				
eca-rers2012/Problem14_label05.yml	true				
eca-rers2012/Problem14_label06.yml	true				
eca-rers2012/Problem14_label07.yml	true				
eca-rers2012/Problem14_label08.yml	false				
eca-rers2012/Problem14_label09.yml	true				
eca-rers2012/Problem14_label10.yml	false				
eca-rers2012/Problem14_label11.yml	false				
eca-rers2012/Problem14_label12.yml	false				
eca-rers2012/Problem14_label13.yml	false				
eca-rers2012/Problem14_label14.yml	false				
eca-rers2012/Problem14_label15.yml	true				
eca-rers2012/Problem14_label16.yml	true				
eca-rers2012/Problem14_label17.yml	true				
eca-rers2012/Problem14_label18.yml	false				
eca-rers2012/Problem14_label19.yml	true				
eca-rers2012/Problem14_label20.yml	true				
eca-rers2012/Problem14_label21.yml	true				
eca-rers2012/Problem14_label22.yml	false				
eca-rers2012/Problem14_label23.yml	true				
eca-rers2012/Problem14_label24.yml	true				
eca-rers2012/Problem14_label25.yml	true				
eca-rers2012/Problem14_label26.yml	true				
eca-rers2012/Problem14_label27.yml	false				
eca-rers2012/Problem14_label28.yml	false				
eca-rers2012/Problem14_label29.yml	false				
eca-rers2012/Problem14_label30.yml	true				
eca-rers2012/Problem14_label31.yml	false				
eca-rers2012/Problem14_label32.yml	true				
eca-rers2012/Problem14_label33.yml	true				
eca-rers2012/Problem14_label34.yml	false				
eca-rers2012/Problem14_label35.yml	true				
eca-rers2012/Problem14_label36.yml	true				
eca-rers2012/Problem14_label37.yml	false				
eca-rers2012/Problem14_label38.yml	true				
eca-rers2012/Problem14_label39.yml	false				
eca-rers2012/Problem14_label40.yml	false				
eca-rers2012/Problem14_label41.yml	false				
eca-rers2012/Problem14_label42.yml	true				
eca-rers2012/Problem14_label43.yml	false				
eca-rers2012/Problem14_label44.yml	false				
eca-rers2012/Problem14_label45.yml	true				
eca-rers2012/Problem14_label46.yml	true				
eca-rers2012/Problem14_label47.yml	true				
eca-rers2012/Problem14_label48.yml	true				
eca-rers2012/Problem14_label49.yml	true				
eca-rers2012/Problem14_label50.yml	true				
eca-rers2012/Problem14_label51.yml	true				
eca-rers2012/Problem14_label52.yml	false				
eca-rers2012/Problem14_label53.yml	true				
eca-rers2012/Problem14_label54.yml	false				
eca-rers2012/Problem14_label55.yml	true				
eca-rers2012/Problem14_label56.yml	false				
eca-rers2012/Problem14_label57.yml	false				
eca-rers2012/Problem14_label58.yml	false				
eca-rers2012/Problem14_label59.yml	true				
eca-rers2012/Problem15_label00.yml	false				
eca-rers2012/Problem15_label01.yml	true				
eca-rers2012/Problem15_label02.yml	false				
eca-rers2012/Problem15_label03.yml	false				
eca-rers2012/Problem15_label04.yml	true				
eca-rers2012/Problem15_label05.yml	true				
eca-rers2012/Problem15_label06.yml	true				
eca-rers2012/Problem15_label07.yml	false				
eca-rers2012/Problem15_label08.yml	true				
eca-rers2012/Problem15_label09.yml	false				
eca-rers2012/Problem15_label10.yml	true				
eca-rers2012/Problem15_label11.yml	true				
eca-rers2012/Problem15_label12.yml	true				
eca-rers2012/Problem15_label13.yml	true				
eca-rers2012/Problem15_label14.yml	false				
eca-rers2012/Problem15_label15.yml	false				
eca-rers2012/Problem15_label16.yml	true				
eca-rers2012/Problem15_label17.yml	true				
eca-rers2012/Problem15_label18.yml	false				
eca-rers2012/Problem15_label19.yml	true				
eca-rers2012/Problem15_label20.yml	true				
eca-rers2012/Problem15_label21.yml	true				
eca-rers2012/Problem15_label22.yml	false				
eca-rers2012/Problem15_label23.yml	false				
eca-rers2012/Problem15_label24.yml	true				
eca-rers2012/Problem15_label25.yml	false				
eca-rers2012/Problem15_label26.yml	true				
eca-rers2012/Problem15_label27.yml	true				
eca-rers2012/Problem15_label28.yml	true				
eca-rers2012/Problem15_label29.yml	false				
eca-rers2012/Problem15_label30.yml	false				
eca-rers2012/Problem15_label31.yml	true				
eca-rers2012/Problem15_label32.yml	true				
eca-rers2012/Problem15_label33.yml	false				
eca-rers2012/Problem15_label34.yml	false				
eca-rers2012/Problem15_label35.yml	true				
eca-rers2012/Problem15_label36.yml	true				
eca-rers2012/Problem15_label37.yml	false				
eca-rers2012/Problem15_label38.yml	false				
eca-rers2012/Problem15_label39.yml	false				
eca-rers2012/Problem15_label40.yml	false				
eca-rers2012/Problem15_label41.yml	false				
eca-rers2012/Problem15_label42.yml	true				
eca-rers2012/Problem15_label43.yml	true				
eca-rers2012/Problem15_label44.yml	true				
eca-rers2012/Problem15_label45.yml	false				
eca-rers2012/Problem15_label46.yml	true				
eca-rers2012/Problem15_label47.yml	false				
eca-rers2012/Problem15_label48.yml	false				
eca-rers2012/Problem15_label49.yml	true				
eca-rers2012/Problem15_label50.yml	false				
eca-rers2012/Problem15_label51.yml	false				
eca-rers2012/Problem15_label52.yml	true				
eca-rers2012/Problem15_label53.yml	true				
eca-rers2012/Problem15_label54.yml	true				
eca-rers2012/Problem15_label55.yml	true				
eca-rers2012/Problem15_label56.yml	true				
eca-rers2012/Problem15_label57.yml	true				
eca-rers2012/Problem15_label58.yml	true				
eca-rers2012/Problem15_label59.yml	true				
eca-rers2012/Problem16_label00.yml	false				
eca-rers2012/Problem16_label01.yml	false				
eca-rers2012/Problem16_label02.yml	true				
eca-rers2012/Problem16_label03.yml	false				
eca-rers2012/Problem16_label04.yml	false				
eca-rers2012/Problem16_label05.yml	false				
eca-rers2012/Problem16_label06.yml	false				
eca-rers2012/Problem16_label07.yml	true				
eca-rers2012/Problem16_label08.yml	false				
eca-rers2012/Problem16_label09.yml	true				
eca-rers2012/Problem16_label10.yml	true				
eca-rers2012/Problem16_label11.yml	true				
eca-rers2012/Problem16_label12.yml	true				
eca-rers2012/Problem16_label13.yml	true				
eca-rers2012/Problem16_label14.yml	false				
eca-rers2012/Problem16_label15.yml	false				
eca-rers2012/Problem16_label16.yml	true				
eca-rers2012/Problem16_label17.yml	true				
eca-rers2012/Problem16_label18.yml	false				
eca-rers2012/Problem16_label19.yml	true				
eca-rers2012/Problem16_label20.yml	false				
eca-rers2012/Problem16_label21.yml	true				
eca-rers2012/Problem16_label22.yml	false				
eca-rers2012/Problem16_label23.yml	true				
eca-rers2012/Problem16_label24.yml	true				
eca-rers2012/Problem16_label25.yml	true				
eca-rers2012/Problem16_label26.yml	true				
eca-rers2012/Problem16_label27.yml	false				
eca-rers2012/Problem16_label28.yml	true				
eca-rers2012/Problem16_label29.yml	true				
eca-rers2012/Problem16_label30.yml	false				
eca-rers2012/Problem16_label31.yml	false				
eca-rers2012/Problem16_label32.yml	true				
eca-rers2012/Problem16_label33.yml	false				
eca-rers2012/Problem16_label34.yml	true				
eca-rers2012/Problem16_label35.yml	true				
eca-rers2012/Problem16_label36.yml	true				
eca-rers2012/Problem16_label37.yml	false				
eca-rers2012/Problem16_label38.yml	false				
eca-rers2012/Problem16_label39.yml	true				
eca-rers2012/Problem16_label40.yml	true				
eca-rers2012/Problem16_label41.yml	false				
eca-rers2012/Problem16_label42.yml	true				
eca-rers2012/Problem16_label43.yml	false				
eca-rers2012/Problem16_label44.yml	false				
eca-rers2012/Problem16_label45.yml	true				
eca-rers2012/Problem16_label46.yml	false				
eca-rers2012/Problem16_label47.yml	true				
eca-rers2012/Problem16_label48.yml	true				
eca-rers2012/Problem16_label49.yml	true				
eca-rers2012/Problem16_label50.yml	true				
eca-rers2012/Problem16_label51.yml	false				
eca-rers2012/Problem16_label52.yml	false				
eca-rers2012/Problem16_label53.yml	true				
eca-rers2012/Problem16_label54.yml	false				
eca-rers2012/Problem16_label55.yml	true				
eca-rers2012/Problem16_label56.yml	true				
eca-rers2012/Problem16_label57.yml	true				
eca-rers2012/Problem16_label58.yml	true				
eca-rers2012/Problem16_label59.yml	true				
eca-rers2012/Problem17_label00.yml	true				
eca-rers2012/Problem17_label01.yml	true				
eca-rers2012/Problem17_label02.yml	true				
eca-rers2012/Problem17_label03.yml	true				
eca-rers2012/Problem17_label04.yml	false				
eca-rers2012/Problem17_label05.yml	true				
eca-rers2012/Problem17_label06.yml	true				
eca-rers2012/Problem17_label07.yml	false				
eca-rers2012/Problem17_label08.yml	true				
eca-rers2012/Problem17_label09.yml	false				
eca-rers2012/Problem17_label10.yml	true				
eca-rers2012/Problem17_label11.yml	true				
eca-rers2012/Problem17_label12.yml	true				
eca-rers2012/Problem17_label13.yml	false				
eca-rers2012/Problem17_label14.yml	true				
eca-rers2012/Problem17_label15.yml	true				
eca-rers2012/Problem17_label16.yml	false				
eca-rers2012/Problem17_label17.yml	true				
eca-rers2012/Problem17_label18.yml	true				
eca-rers2012/Problem17_label19.yml	true				
eca-rers2012/Problem17_label20.yml	false				
eca-rers2012/Problem17_label21.yml	true				
eca-rers2012/Problem17_label22.yml	true				
eca-rers2012/Problem17_label23.yml	false				
eca-rers2012/Problem17_label24.yml	true				
eca-rers2012/Problem17_label25.yml	false				
eca-rers2012/Problem17_label26.yml	false				
eca-rers2012/Problem17_label27.yml	true				
eca-rers2012/Problem17_label28.yml	true				
eca-rers2012/Problem17_label29.yml	true				
eca-rers2012/Problem17_label30.yml	false				
eca-rers2012/Problem17_label31.yml	false				
eca-rers2012/Problem17_label32.yml	true				
eca-rers2012/Problem17_label33.yml	false				
eca-rers2012/Problem17_label34.yml	false				
eca-rers2012/Problem17_label35.yml	false				
eca-rers2012/Problem17_label36.yml	true				
eca-rers2012/Problem17_label37.yml	false				
eca-rers2012/Problem17_label38.yml	true				
eca-rers2012/Problem17_label39.yml	true				
eca-rers2012/Problem17_label40.yml	false				
eca-rers2012/Problem17_label41.yml	true				
eca-rers2012/Problem17_label42.yml	true				
eca-rers2012/Problem17_label43.yml	true				
eca-rers2012/Problem17_label44.yml	true				
eca-rers2012/Problem17_label45.yml	true				
eca-rers2012/Problem17_label46.yml	false				
eca-rers2012/Problem17_label47.yml	true				
eca-rers2012/Problem17_label48.yml	true				
eca-rers2012/Problem17_label49.yml	false				
eca-rers2012/Problem17_label50.yml	false				
eca-rers2012/Problem17_label51.yml	true				
eca-rers2012/Problem17_label52.yml	false				
eca-rers2012/Problem17_label53.yml	false				
eca-rers2012/Problem17_label54.yml	false				
eca-rers2012/Problem17_label55.yml	false				
eca-rers2012/Problem17_label56.yml	true				
eca-rers2012/Problem17_label57.yml	false				
eca-rers2012/Problem17_label58.yml	true				
eca-rers2012/Problem17_label59.yml	true				
eca-rers2012/Problem18_label00.yml	false				
eca-rers2012/Problem18_label01.yml	false				
eca-rers2012/Problem18_label02.yml	true				
eca-rers2012/Problem18_label03.yml	false				
eca-rers2012/Problem18_label04.yml	true				
eca-rers2012/Problem18_label05.yml	true				
eca-rers2012/Problem18_label06.yml	false				
eca-rers2012/Problem18_label07.yml	true				
eca-rers2012/Problem18_label08.yml	false				
eca-rers2012/Problem18_label09.yml	false				
eca-rers2012/Problem18_label10.yml	false				
eca-rers2012/Problem18_label11.yml	true				
eca-rers2012/Problem18_label12.yml	false				
eca-rers2012/Problem18_label13.yml	true				
eca-rers2012/Problem18_label14.yml	true				
eca-rers2012/Problem18_label15.yml	true				
eca-rers2012/Problem18_label16.yml	true				
eca-rers2012/Problem18_label17.yml	true				
eca-rers2012/Problem18_label18.yml	true				
eca-rers2012/Problem18_label19.yml	false				
eca-rers2012/Problem18_label20.yml	false				
eca-rers2012/Problem18_label21.yml	true				
eca-rers2012/Problem18_label22.yml	true				
eca-rers2012/Problem18_label23.yml	true				
eca-rers2012/Problem18_label24.yml	true				
eca-rers2012/Problem18_label25.yml	false				
eca-rers2012/Problem18_label26.yml	true				
eca-rers2012/Problem18_label27.yml	false				
eca-rers2012/Problem18_label28.yml	true				
eca-rers2012/Problem18_label29.yml	true				
eca-rers2012/Problem18_label30.yml	true				
eca-rers2012/Problem18_label31.yml	false				
eca-rers2012/Problem18_label32.yml	false				
eca-rers2012/Problem18_label33.yml	false				
eca-rers2012/Problem18_label34.yml	false				
eca-rers2012/Problem18_label35.yml	false				
eca-rers2012/Problem18_label36.yml	false				
eca-rers2012/Problem18_label37.yml	true				
eca-rers2012/Problem18_label38.yml	false				
eca-rers2012/Problem18_label39.yml	false				
eca-rers2012/Problem18_label40.yml	true				
eca-rers2012/Problem18_label41.yml	true				
eca-rers2012/Problem18_label42.yml	true				
eca-rers2012/Problem18_label43.yml	true				
eca-rers2012/Problem18_label44.yml	true				
eca-rers2012/Problem18_label45.yml	false				
eca-rers2012/Problem18_label46.yml	true				
eca-rers2012/Problem18_label47.yml	true				
eca-rers2012/Problem18_label48.yml	true				
eca-rers2012/Problem18_label49.yml	false				
eca-rers2012/Problem18_label50.yml	true				
eca-rers2012/Problem18_label51.yml	true				
eca-rers2012/Problem18_label52.yml	false				
eca-rers2012/Problem18_label53.yml	true				
eca-rers2012/Problem18_label54.yml	true				
eca-rers2012/Problem18_label55.yml	false				
eca-rers2012/Problem18_label56.yml	true				
eca-rers2012/Problem18_label57.yml	false				
eca-rers2012/Problem18_label58.yml	true				
eca-rers2012/Problem18_label59.yml	true				
eca-rers2012/Problem19_label00.yml	true				
eca-rers2012/Problem19_label01.yml	true				
eca-rers2012/Problem19_label02.yml	true				
eca-rers2012/Problem19_label03.yml	true				
eca-rers2012/Problem19_label04.yml	true				
eca-rers2012/Problem19_label05.yml	true				
eca-rers2012/Problem19_label06.yml	true				
eca-rers2012/Problem19_label07.yml	true				
eca-rers2012/Problem19_label08.yml	true				
eca-rers2012/Problem19_label09.yml	true				
eca-rers2012/Problem19_label10.yml	false				
eca-rers2012/Problem19_label11.yml	false				
eca-rers2012/Problem19_label12.yml	true				
eca-rers2012/Problem19_label13.yml	true				
eca-rers2012/Problem19_label14.yml	false				
eca-rers2012/Problem19_label15.yml	true				
eca-rers2012/Problem19_label16.yml	true				
eca-rers2012/Problem19_label17.yml	false				
eca-rers2012/Problem19_label18.yml	false				
eca-rers2012/Problem19_label19.yml	false				
eca-rers2012/Problem19_label20.yml	true				
eca-rers2012/Problem19_label21.yml	false				
eca-rers2012/Problem19_label22.yml	false				
eca-rers2012/Problem19_label23.yml	true				
eca-rers2012/Problem19_label24.yml	true				
eca-rers2012/Problem19_label25.yml	true				
eca-rers2012/Problem19_label26.yml	false				
eca-rers2012/Problem19_label27.yml	false				
eca-rers2012/Problem19_label28.yml	false				
eca-rers2012/Problem19_label29.yml	false				
eca-rers2012/Problem19_label30.yml	true				
eca-rers2012/Problem19_label31.yml	false				
eca-rers2012/Problem19_label32.yml	false				
eca-rers2012/Problem19_label33.yml	true				
eca-rers2012/Problem19_label34.yml	true				
eca-rers2012/Problem19_label35.yml	true				
eca-rers2012/Problem19_label36.yml	true				
eca-rers2012/Problem19_label37.yml	true				
eca-rers2012/Problem19_label38.yml	true				
eca-rers2012/Problem19_label39.yml	true				
eca-rers2012/Problem19_label40.yml	true				
eca-rers2012/Problem19_label41.yml	false				
eca-rers2012/Problem19_label42.yml	false				
eca-rers2012/Problem19_label43.yml	false				
eca-rers2012/Problem19_label44.yml	true				
eca-rers2012/Problem19_label45.yml	true				
eca-rers2012/Problem19_label46.yml	true				
eca-rers2012/Problem19_label47.yml	false				
eca-rers2012/Problem19_label48.yml	true				
eca-rers2012/Problem19_label49.yml	true				
eca-rers2012/Problem19_label50.yml	false				
eca-rers2012/Problem19_label51.yml	false				
eca-rers2012/Problem19_label52.yml	true				
eca-rers2012/Problem19_label53.yml	false				
eca-rers2012/Problem19_label54.yml	true				
eca-rers2012/Problem19_label55.yml	false				
eca-rers2012/Problem19_label56.yml	true				
eca-rers2012/Problem19_label57.yml	true				
eca-rers2012/Problem19_label58.yml	false				
eca-rers2012/Problem19_label59.yml	false				
eca-rers2018/Problem10.yml	false				
eca-rers2018/Problem11.yml	false				
eca-rers2018/Problem12.yml	false				
eca-rers2018/Problem13.yml	false				
eca-rers2018/Problem14.yml	false				
eca-rers2018/Problem15.yml	false				
eca-rers2018/Problem16.yml	false				
eca-rers2018/Problem17.yml	false				
eca-rers2018/Problem18.yml	false				
psyco/psyco_abp_1-1.yml	false				
psyco/psyco_abp_1-3.yml	true				
psyco/psyco_cev_1.yml	false				
psyco/psyco_cev_2.yml	false				
psyco/psyco_cev_3.yml	false				
psyco/psyco_io_1.yml	true				
psyco/psyco_net_1.yml	false				
psyco/psyco_security.yml	true				
eca-programs/Problem101_label00.yml	false				
eca-programs/Problem101_label01.yml	false				
eca-programs/Problem101_label02.yml	false				
eca-programs/Problem101_label03.yml	false				
eca-programs/Problem101_label04.yml	false				
eca-programs/Problem101_label05.yml	false				
eca-programs/Problem101_label06.yml	false				
eca-programs/Problem101_label07.yml	false				
eca-programs/Problem101_label08.yml	false				
eca-programs/Problem101_label09.yml	false				
eca-programs/Problem101_label10.yml	false				
eca-programs/Problem101_label11.yml	false				
eca-programs/Problem101_label12.yml	false				
eca-programs/Problem101_label13.yml	false				
eca-programs/Problem101_label14.yml	false				
eca-programs/Problem101_label15.yml	false				
eca-programs/Problem101_label16.yml	false				
eca-programs/Problem101_label17.yml	false				
eca-programs/Problem101_label18.yml	false				
eca-programs/Problem101_label19.yml	false				
eca-programs/Problem101_label20.yml	false				
eca-programs/Problem101_label21.yml	false				
eca-programs/Problem101_label22.yml	false				
eca-programs/Problem101_label23.yml	false				
eca-programs/Problem102_label00.yml	true				
eca-programs/Problem102_label01.yml	false				
eca-programs/Problem102_label02.yml	false				
eca-programs/Problem102_label03.yml	true				
eca-programs/Problem102_label04.yml	false				
eca-programs/Problem102_label05.yml	false				
eca-programs/Problem102_label06.yml	false				
eca-programs/Problem102_label07.yml	false				
eca-programs/Problem102_label08.yml	true				
eca-programs/Problem102_label09.yml	true				
eca-programs/Problem102_label10.yml	false				
eca-programs/Problem102_label11.yml	true				
eca-programs/Problem102_label12.yml	true				
eca-programs/Problem102_label13.yml	false				
eca-programs/Problem102_label14.yml	true				
eca-programs/Problem102_label15.yml	false				
eca-programs/Problem102_label16.yml	true				
eca-programs/Problem102_label17.yml	true				
eca-programs/Problem102_label18.yml	true				
eca-programs/Problem102_label19.yml	true				
eca-programs/Problem102_label20.yml	true				
eca-programs/Problem102_label21.yml	true				
eca-programs/Problem102_label22.yml	true				
eca-programs/Problem102_label23.yml	true				
eca-programs/Problem102_label24.yml	false				
eca-programs/Problem102_label25.yml	false				
eca-programs/Problem102_label26.yml	false				
eca-programs/Problem102_label27.yml	true				
eca-programs/Problem102_label28.yml	false				
eca-programs/Problem102_label29.yml	false				
eca-programs/Problem102_label30.yml	true				
eca-programs/Problem102_label31.yml	true				
eca-programs/Problem102_label32.yml	true				
eca-programs/Problem102_label33.yml	true				
eca-programs/Problem102_label34.yml	false				
eca-programs/Problem102_label35.yml	true				
eca-programs/Problem102_label36.yml	true				
eca-programs/Problem102_label37.yml	false				
eca-programs/Problem102_label38.yml	true				
eca-programs/Problem102_label39.yml	true				
eca-programs/Problem102_label40.yml	true				
eca-programs/Problem102_label41.yml	true				
eca-programs/Problem102_label42.yml	true				
eca-programs/Problem102_label43.yml	false				
eca-programs/Problem102_label44.yml	true				
eca-programs/Problem102_label45.yml	true				
eca-programs/Problem102_label46.yml	false				
eca-programs/Problem102_label47.yml	true				
eca-programs/Problem102_label48.yml	false				
eca-programs/Problem102_label49.yml	false				
eca-programs/Problem102_label50.yml	false				
eca-programs/Problem102_label51.yml	false				
eca-programs/Problem102_label52.yml	true				
eca-programs/Problem102_label53.yml	true				
eca-programs/Problem102_label54.yml	true				
eca-programs/Problem102_label55.yml	false				
eca-programs/Problem102_label56.yml	true				
eca-programs/Problem102_label57.yml	true				
eca-programs/Problem102_label58.yml	true				
eca-programs/Problem102_label59.yml	false				
eca-programs/Problem103_label32.yml	false				
eca-programs/Problem103_label35.yml	false				
eca-programs/Problem103_label40.yml	true				
eca-programs/Problem103_label41.yml	false				
eca-programs/Problem103_label42.yml	true				
eca-programs/Problem103_label43.yml	true				
eca-programs/Problem103_label44.yml	false				
eca-programs/Problem103_label45.yml	true				
eca-programs/Problem103_label46.yml	false				
eca-programs/Problem103_label47.yml	false				
eca-programs/Problem103_label48.yml	true				
eca-programs/Problem103_label49.yml	true				
eca-programs/Problem103_label50.yml	true				
eca-programs/Problem103_label51.yml	false				
eca-programs/Problem103_label52.yml	true				
eca-programs/Problem103_label53.yml	false				
eca-programs/Problem103_label54.yml	false				
eca-programs/Problem103_label55.yml	true				
eca-programs/Problem103_label56.yml	false				
eca-programs/Problem103_label57.yml	false				
eca-programs/Problem103_label58.yml	true				
eca-programs/Problem103_label59.yml	false				
