tool		Theta 6.27.15	Theta 6.27.15	Theta 6.27.15	Theta 6.27.15
run set		SV-COMP25_no-data-race.NoDataRace-Main	SV-COMP25_no-data-race.NoDataRace-Main	SV-COMP25_no-data-race.NoDataRace-Main	SV-COMP25_no-data-race.NoDataRace-Main
../sv-benchmarks/c/		status	cputime (s)	walltime (s)	memory (MB)
pthread/bigshot_p.yml	false	ERROR (frontend failed, after parsing finished)	18.283129	9.175829728999986	472.973312
pthread/bigshot_s.yml	true	ERROR (frontend failed, after parsing finished)	21.290265	8.53411780799999	496.771072
pthread/bigshot_s2.yml	true	ERROR (frontend failed, after parsing finished)	20.705098	7.8515074490000245	490.729472
pthread/butterfly.yml	true	true	7.726403	3.173974904000005	457.490432
pthread/fib_safe-10-racy.yml	false	TIMEOUT	44.023872	13.195701370000023	1078.042624
pthread/fib_safe-10.yml	true	true	8.407212	3.3463132120000125	534.884352
pthread/fib_safe-11-racy.yml	false	TIMEOUT	43.987544	12.578048550999995	1162.629120
pthread/fib_safe-11.yml	true	true	8.835715	3.520530619999988	545.034240
pthread/fib_safe-12-racy.yml	false	TIMEOUT	44.02736	12.685154408000017	1146.671104
pthread/fib_safe-12.yml	true	true	8.638998	3.357721014000049	536.477696
pthread/fib_safe-5-racy.yml	false	TIMEOUT	43.990237	12.431545932999995	957.800448
pthread/fib_safe-5.yml	true	true	8.516506	3.3608837869999775	546.181120
pthread/fib_safe-6-racy.yml	false	TIMEOUT	44.048022	12.549883271000056	1071.259648
pthread/fib_safe-6.yml	true	true	8.115622	3.230894632000002	527.392768
pthread/fib_safe-7-racy.yml	false	TIMEOUT	43.921573	12.573183185999994	1105.727488
pthread/fib_safe-7.yml	true	true	8.808	3.4393399559999693	550.703104
pthread/fib_unsafe-10-racy.yml	false	TIMEOUT	43.959437	12.617374656000038	1072.390144
pthread/fib_unsafe-10.yml	true	true	8.557679	3.3827980570000022	540.065792
pthread/fib_unsafe-11-racy.yml	false	TIMEOUT	44.024697	12.608558517000006	1099.231232
pthread/fib_unsafe-11.yml	true	true	8.864032	3.4714492139999606	551.051264
pthread/fib_unsafe-12-racy.yml	false	TIMEOUT	44.02285	12.65061478399997	1113.272320
pthread/fib_unsafe-12.yml	true	true	8.823989	3.3954616600000236	537.071616
pthread/fib_unsafe-5-racy.yml	false	TIMEOUT	44.026461	12.426587351999956	1006.960640
pthread/fib_unsafe-5.yml	true	true	8.282533	3.2622230109999464	544.522240
pthread/fib_unsafe-6-racy.yml	false	TIMEOUT	44.048294	12.511392669000031	1084.469248
pthread/fib_unsafe-6.yml	true	true	8.607343	3.4177654200000234	536.186880
pthread/fib_unsafe-7-racy.yml	false	TIMEOUT	43.930564	12.553109871000004	1064.824832
pthread/fib_unsafe-7.yml	true	true	8.89498	3.4557770339999934	546.336768
pthread/indexer.yml	false	ERROR (frontend failed, before parsing finished)	3.366695	1.1639442370000097	256.524288
pthread/lazy01.yml	true	TIMEOUT	44.028342	12.33636413399995	1001.017344
pthread/queue.yml	true	TIMEOUT	42.07898	15.323416225000017	2123.538432
pthread/queue_longer.yml	true	TIMEOUT	42.575905	19.571141232000002	1268.989952
pthread/queue_longest.yml	true	TIMEOUT	40.343123	22.384448703999965	1113.645056
pthread/queue_ok.yml	true	TIMEOUT	43.098483	16.613244529999974	2287.681536
pthread/queue_ok_longer.yml	true	TIMEOUT	40.048313	21.35151565500007	1046.650880
pthread/queue_ok_longest.yml	true	TIMEOUT	41.269384	22.523648458000025	1547.444224
pthread/reorder_2-race.yml	false	ERROR (frontend failed, before parsing finished)	3.892439	1.3365872960000615	259.371008
pthread/reorder_2.yml	true	ERROR (frontend failed, before parsing finished)	3.638353	1.2308232650000264	261.488640
pthread/reorder_5-race.yml	false	ERROR (frontend failed, before parsing finished)	3.83747	1.3257755519999819	246.382592
pthread/reorder_5.yml	true	ERROR (frontend failed, before parsing finished)	3.422353	1.1959810269999025	234.115072
pthread/sigma.yml	false	ERROR (frontend failed, before parsing finished)	3.566608	1.2232910129999937	233.517056
pthread/singleton-b.yml	false	TIMEOUT	44.027936	12.559539032999965	1031.208960
pthread/singleton.yml	true	TIMEOUT	44.026359	12.567918875000032	977.518592
pthread/singleton_with-uninit-problems-b.yml	false	TIMEOUT	44.051452	12.537163575000022	1001.279488
pthread/singleton_with-uninit-problems.yml	true	TIMEOUT	44.042145	12.480570329999978	951.603200
pthread/stack-1.yml	true	TIMEOUT	44.017052	13.039793458999952	953.335808
pthread/stack-2.yml	true	TIMEOUT	44.026711	13.00903193299996	1054.089216
pthread/stack_longer-1.yml	true	TIMEOUT	41.320009	24.295803862999946	1264.586752
pthread/stack_longer-2.yml	true	TIMEOUT	41.214866	23.97731175199999	1220.837376
pthread/stack_longest-1.yml	true	TIMEOUT	40.842665	33.032943975999956	710.623232
pthread/stack_longest-2.yml	true	TIMEOUT	41.604001	31.488469647999977	702.308352
pthread/stateful01-1.yml	true	TIMEOUT	44.02491	12.371334992000016	980.238336
pthread/stateful01-2.yml	true	TIMEOUT	44.02619	12.33516897800007	978.178048
pthread/sync01.yml	true	TIMEOUT	44.027204	12.39426563699999	995.602432
pthread/triangular-1.yml	true	true	7.746005	3.184158094000054	501.657600
pthread/triangular-2.yml	true	true	7.7998	3.166425180000033	500.883456
pthread/triangular-longer-1.yml	true	true	8.408712	3.3695867459999818	528.850944
pthread/triangular-longer-2.yml	true	true	7.982018	3.1804210589999684	505.581568
pthread/triangular-longest-1.yml	true	true	8.450854	3.3567548820000184	531.079168
pthread/triangular-longest-2.yml	true	true	8.73879	3.480459214000007	494.727168
pthread/twostage_3-race.yml	false	ERROR (frontend failed, before parsing finished)	4.008914	1.372045414000013	256.868352
pthread/twostage_3.yml	true	ERROR (frontend failed, before parsing finished)	4.052081	1.391032322000001	262.873088
pthread-atomic/dekker-b-unfair.yml	false	TIMEOUT	44.027435	12.44498539999995	954.249216
pthread-atomic/dekker-b.yml	false	TIMEOUT	44.008523	12.414757367999982	925.552640
pthread-atomic/dekker-unfair.yml	true	TIMEOUT	44.038986	12.328423749999956	911.749120
pthread-atomic/dekker.yml	true	TIMEOUT	44.035722	12.367491796999957	943.939584
pthread-atomic/gcd-2.yml	false	TIMEOUT	44.032723	12.35610034199999	1012.568064
pthread-atomic/lamport-b.yml	false	TIMEOUT	44.043604	12.477253314999984	1065.877504
pthread-atomic/lamport.yml	true	TIMEOUT	43.988648	12.407095113000082	967.020544
pthread-atomic/peterson-b.yml	false	TIMEOUT	44.030006	12.31636448900008	975.409152
pthread-atomic/peterson.yml	true	TIMEOUT	44.023164	12.305980691000059	971.235328
pthread-atomic/qrcu-1.yml	false	TIMEOUT	44.013505	13.121965470999953	1075.843072
pthread-atomic/qrcu-2.yml	false	TIMEOUT	44.018684	13.099484903000075	1030.430720
pthread-atomic/read_write_lock-1.yml	true	TIMEOUT	44.026234	12.360846358999993	994.349056
pthread-atomic/read_write_lock-1b.yml	false	TIMEOUT	44.038111	12.322767820999957	980.312064
pthread-atomic/read_write_lock-2.yml	true	true	7.280442	2.961797051000076	471.920640
pthread-atomic/read_write_lock-2b.yml	false	TIMEOUT	44.024246	12.430607755999972	979.128320
pthread-atomic/scull.yml	false	TIMEOUT	43.933791	13.006626917000062	1086.328832
pthread-atomic/szymanski-b.yml	false	TIMEOUT	44.043827	12.454616405000024	949.174272
pthread-atomic/szymanski.yml	true	TIMEOUT	44.028528	12.372734033999905	922.955776
pthread-atomic/time_var_mutex.yml	true	TIMEOUT	44.038563	12.370424834999994	928.411648
pthread-ext/01_inc.yml	false	TIMEOUT	40.500295	15.85364840699981	792.965120
pthread-ext/01b_inc.yml	true				
pthread-ext/02_inc_cas.yml	true				
pthread-ext/03_incdec.yml	true				
pthread-ext/04_incdec_cas-race.yml	false				
pthread-ext/04_incdec_cas.yml	true				
pthread-ext/05_tas.yml	false				
pthread-ext/06_ticket.yml	false				
pthread-ext/07_rand.yml	false				
pthread-ext/08_rand_cas-race.yml	false				
pthread-ext/08_rand_cas.yml	true				
pthread-ext/09_fmaxsym-race.yml	false				
pthread-ext/09_fmaxsym-zero.yml	true				
pthread-ext/09_fmaxsym.yml	true				
pthread-ext/10_fmaxsym_cas.yml	false				
pthread-ext/11_fmaxsymopt-race.yml	false				
pthread-ext/11_fmaxsymopt-zero.yml	true				
pthread-ext/11_fmaxsymopt.yml	true				
pthread-ext/12_fmaxsymopt_cas.yml	false				
pthread-ext/13_unverif.yml	false				
pthread-ext/14_spin2003.yml	true				
pthread-ext/17_szymanski.yml	false				
pthread-ext/18_read_write_lock.yml	true				
pthread-ext/23_lu-fig2.fixed.yml	false				
pthread-ext/25_stack-race.yml	false				
pthread-ext/25_stack.yml	true				
pthread-ext/25_stack_longer-1-race.yml	false				
pthread-ext/25_stack_longer-1.yml	true				
pthread-ext/25_stack_longer-2-race.yml	false				
pthread-ext/25_stack_longer-2.yml	true				
pthread-ext/25_stack_longest-1-race.yml	false				
pthread-ext/25_stack_longest-1.yml	true				
pthread-ext/25_stack_longest-2-race.yml	false				
pthread-ext/25_stack_longest-2.yml	true				
pthread-ext/26_stack_cas-race.yml	false				
pthread-ext/26_stack_cas.yml	true				
pthread-ext/26_stack_cas_longer-1-race.yml	false				
pthread-ext/26_stack_cas_longer-1.yml	true				
pthread-ext/26_stack_cas_longer-2-race.yml	false				
pthread-ext/26_stack_cas_longer-2.yml	true				
pthread-ext/26_stack_cas_longest-1-race.yml	false				
pthread-ext/26_stack_cas_longest-1.yml	true				
pthread-ext/26_stack_cas_longest-2-race.yml	false				
pthread-ext/26_stack_cas_longest-2.yml	true				
pthread-ext/27_Boop_simple_vf.yml	false				
pthread-ext/28_buggy_simple_loop1_vf.yml	true				
pthread-ext/29_conditionals_vs.yml	true				
pthread-ext/30_Function_Pointer3_vs.yml	false				
pthread-ext/31_simple_loop5_vs.yml	true				
pthread-ext/32_pthread5_vs.yml	false				
pthread-ext/33_double_lock_p1_vs.yml	false				
pthread-ext/34_double_lock_p2_vs.yml	false				
pthread-ext/35_double_lock_p3_vs.yml	true				
pthread-ext/36_stack_cas_p0_vs_concur-race.yml	false				
pthread-ext/36_stack_cas_p0_vs_concur.yml	true				
pthread-ext/37_stack_lock_p0_vs_concur-race.yml	false				
pthread-ext/37_stack_lock_p0_vs_concur.yml	true				
pthread-ext/38_rand_cas_vs_concur.yml	false				
pthread-ext/39_rand_lock_p0_vs-b.yml	false				
pthread-ext/39_rand_lock_p0_vs.yml	true				
pthread-ext/40_barrier_vf-b.yml	false				
pthread-ext/40_barrier_vf.yml	true				
pthread-ext/41_FreeBSD_abd_kbd_sliced.yml	false				
pthread-ext/42_FreeBSD_rdma_addr_sliced.yml	false				
pthread-ext/43_NetBSD_sysmon_power_sliced-pthread.yml	true				
pthread-ext/43_NetBSD_sysmon_power_sliced.yml	true				
pthread-ext/43_NetBSD_sysmon_power_sliced_2.yml	false				
pthread-ext/44_Solaris_space_map_sliced.yml	false				
pthread-ext/45_monabsex1_vs-b.yml	false				
pthread-ext/45_monabsex1_vs.yml	true				
pthread-ext/46_monabsex2_vs-b.yml	false				
pthread-ext/46_monabsex2_vs.yml	true				
pthread-ext/47_ticket_lock_hc_backoff_vs.yml	false				
pthread-ext/48_ticket_lock_low_contention_vs-b.yml	false				
pthread-ext/48_ticket_lock_low_contention_vs-pthread.yml	true				
pthread-ext/48_ticket_lock_low_contention_vs.yml	true				
pthread-wmm/mix000.oepc.yml	true				
pthread-wmm/mix000.opt.yml	true				
pthread-wmm/mix001.oepc.yml	true				
pthread-wmm/mix001.opt.yml	true				
pthread-wmm/mix002.oepc.yml	true				
pthread-wmm/mix002.opt.yml	true				
pthread-wmm/mix003.oepc.yml	true				
pthread-wmm/mix003_power.opt_pso.opt_rmo.opt_tso.opt.yml	true				
pthread-wmm/mix004.oepc.yml	true				
pthread-wmm/mix004.opt.yml	true				
pthread-wmm/mix005.opt.yml	true				
pthread-wmm/mix005_power.oepc_pso.oepc_rmo.oepc.yml	true				
pthread-wmm/mix005_tso.oepc.yml	true				
pthread-wmm/mix006.opt.yml	true				
pthread-wmm/mix006_power.oepc_pso.oepc_rmo.oepc.yml	true				
pthread-wmm/mix006_tso.oepc.yml	true				
pthread-wmm/mix007.oepc.yml	true				
pthread-wmm/mix007.opt.yml	true				
pthread-wmm/mix008.opt.yml	true				
pthread-wmm/mix008_power.oepc_pso.oepc_rmo.oepc.yml	true				
pthread-wmm/mix008_tso.oepc.yml	true				
pthread-wmm/mix009.oepc.yml	true				
pthread-wmm/mix009.opt.yml	true				
pthread-wmm/mix010.oepc.yml	true				
pthread-wmm/mix010.opt.yml	true				
pthread-wmm/mix011.opt.yml	true				
pthread-wmm/mix011_power.oepc_pso.oepc_rmo.oepc.yml	true				
pthread-wmm/mix011_tso.oepc.yml	true				
pthread-wmm/mix012_power.oepc_power.opt_pso.oepc_rmo.oepc_rmo.opt_tso.oepc.yml	true				
pthread-wmm/mix012_pso.opt_tso.opt.yml	true				
pthread-wmm/mix013.oepc.yml	true				
pthread-wmm/mix013.opt.yml	true				
pthread-wmm/mix014.opt.yml	true				
pthread-wmm/mix014_power.oepc_pso.oepc_rmo.oepc.yml	true				
pthread-wmm/mix014_tso.oepc.yml	true				
pthread-wmm/mix015.oepc.yml	true				
pthread-wmm/mix015.opt.yml	true				
pthread-wmm/mix016.oepc.yml	true				
pthread-wmm/mix016_power.opt_rmo.opt.yml	true				
pthread-wmm/mix016_pso.opt_tso.opt.yml	true				
pthread-wmm/mix017.oepc.yml	true				
pthread-wmm/mix017_power.opt_rmo.opt.yml	true				
pthread-wmm/mix017_pso.opt_tso.opt.yml	true				
pthread-wmm/mix018.opt.yml	true				
pthread-wmm/mix018_power.oepc_pso.oepc_rmo.oepc.yml	true				
pthread-wmm/mix018_tso.oepc.yml	true				
pthread-wmm/mix019.opt.yml	true				
pthread-wmm/mix019_power.oepc_pso.oepc_rmo.oepc.yml	true				
pthread-wmm/mix019_tso.oepc.yml	true				
pthread-wmm/mix020.oepc.yml	true				
pthread-wmm/mix020.opt.yml	true				
pthread-wmm/mix021.opt.yml	true				
pthread-wmm/mix021_power.oepc_pso.oepc_rmo.oepc.yml	true				
pthread-wmm/mix021_tso.oepc.yml	true				
pthread-wmm/mix022_power.oepc_power.opt_pso.oepc_pso.opt_rmo.oepc_rmo.opt.yml	true				
pthread-wmm/mix022_tso.yml	true				
pthread-wmm/mix023_power.oepc_pso.oepc_rmo.oepc.yml	true				
pthread-wmm/mix023_power.opt_pso.opt_rmo.opt.yml	true				
pthread-wmm/mix023_tso.yml	true				
pthread-wmm/mix024_power.oepc_pso.oepc_rmo.oepc_tso.oepc_tso.opt.yml	true				
pthread-wmm/mix024_power.opt_pso.opt_rmo.opt.yml	true				
pthread-wmm/mix025_power.oepc_power.opt_pso.oepc_rmo.oepc_tso.oepc_tso.opt.yml	true				
pthread-wmm/mix025_pso.opt_rmo.opt.yml	true				
pthread-wmm/mix026.oepc.yml	true				
pthread-wmm/mix026_power.opt_tso.opt.yml	true				
pthread-wmm/mix026_pso.opt_rmo.opt.yml	true				
pthread-wmm/mix027_power.oepc_pso.oepc_rmo.oepc.yml	true				
pthread-wmm/mix027_power.opt_pso.opt_rmo.opt.yml	true				
pthread-wmm/mix027_tso.yml	true				
pthread-wmm/mix028_power.oepc_pso.oepc_rmo.oepc.yml	true				
pthread-wmm/mix028_power.opt_pso.opt_rmo.opt.yml	true				
pthread-wmm/mix028_tso.yml	true				
pthread-wmm/mix029_power.oepc_pso.oepc_rmo.oepc_tso.oepc_tso.opt.yml	true				
pthread-wmm/mix029_power.opt_pso.opt_rmo.opt.yml	true				
pthread-wmm/mix030_power.oepc_pso.oepc_rmo.oepc.yml	true				
pthread-wmm/mix030_power.opt_pso.opt_rmo.opt.yml	true				
pthread-wmm/mix030_tso.yml	true				
pthread-wmm/mix031.oepc.yml	true				
pthread-wmm/mix031.opt.yml	true				
pthread-wmm/mix032.oepc.yml	true				
pthread-wmm/mix032.opt.yml	true				
pthread-wmm/mix033.opt.yml	true				
pthread-wmm/mix033_power.oepc_pso.oepc_rmo.oepc.yml	true				
pthread-wmm/mix033_tso.oepc.yml	true				
pthread-wmm/mix034_power.oepc_power.opt_pso.oepc_rmo.oepc_rmo.opt_tso.oepc.yml	true				
pthread-wmm/mix034_pso.opt_tso.opt.yml	true				
pthread-wmm/mix035.oepc.yml	true				
pthread-wmm/mix035_power.opt_rmo.opt.yml	true				
pthread-wmm/mix035_pso.opt_tso.opt.yml	true				
pthread-wmm/mix036.oepc.yml	true				
pthread-wmm/mix036_power.opt_rmo.opt.yml	true				
pthread-wmm/mix036_pso.opt_tso.opt.yml	true				
pthread-wmm/mix037.opt.yml	true				
pthread-wmm/mix037_power.oepc_pso.oepc_rmo.oepc.yml	true				
pthread-wmm/mix037_tso.oepc.yml	true				
pthread-wmm/mix038.opt.yml	true				
pthread-wmm/mix038_power.oepc_pso.oepc_rmo.oepc.yml	true				
pthread-wmm/mix038_tso.oepc.yml	true				
pthread-wmm/mix039.oepc.yml	true				
pthread-wmm/mix039.opt.yml	true				
pthread-wmm/mix040.opt.yml	true				
pthread-wmm/mix040_power.oepc_pso.oepc_rmo.oepc.yml	true				
pthread-wmm/mix040_tso.oepc.yml	true				
pthread-wmm/mix041_power.oepc_pso.oepc_rmo.oepc.yml	true				
pthread-wmm/mix041_power.opt_pso.opt_rmo.opt_tso.oepc_tso.opt.yml	true				
pthread-wmm/mix042.oepc.yml	true				
pthread-wmm/mix042.opt.yml	true				
pthread-wmm/mix043.oepc.yml	true				
pthread-wmm/mix043.opt.yml	true				
pthread-wmm/mix044.opt.yml	true				
pthread-wmm/mix044_power.oepc_pso.oepc_rmo.oepc.yml	true				
pthread-wmm/mix044_tso.oepc.yml	true				
pthread-wmm/mix045_power.oepc_pso.oepc_rmo.oepc.yml	true				
pthread-wmm/mix045_power.opt_pso.opt_rmo.opt_tso.oepc_tso.opt.yml	true				
pthread-wmm/mix046.oepc.yml	true				
pthread-wmm/mix046.opt.yml	true				
pthread-wmm/mix047_power.oepc_pso.oepc_rmo.oepc.yml	true				
pthread-wmm/mix047_power.opt_pso.opt_rmo.opt_tso.oepc_tso.opt.yml	true				
pthread-wmm/mix048_power.oepc_power.opt_pso.oepc_pso.opt_rmo.oepc_rmo.opt_tso.oepc_tso.opt-podwr000_power.oepc_power.opt_pso.oepc_pso.opt_rmo.oepc_rmo.opt_tso.oepc_tso.opt.yml	true				
pthread-wmm/mix049_power.oepc_power.opt_pso.oepc_pso.opt_rmo.oepc_rmo.opt_tso.oepc_tso.opt-podwr001_power.oepc_power.opt_pso.oepc_pso.opt_rmo.oepc_rmo.opt_tso.oepc_tso.opt.yml	true				
pthread-wmm/mix050.yml	true				
pthread-wmm/mix051_power.oepc_power.opt_pso.oepc_rmo.oepc.yml	true				
pthread-wmm/mix051_pso.opt_rmo.opt_tso.opt.yml	true				
pthread-wmm/mix051_tso.oepc.yml	true				
pthread-wmm/mix052_power.oepc_power.opt_pso.oepc_rmo.oepc.yml	true				
pthread-wmm/mix052_pso.opt_rmo.opt_tso.opt.yml	true				
pthread-wmm/mix052_tso.oepc.yml	true				
pthread-wmm/mix053.opt.yml	true				
pthread-wmm/mix053_power.oepc_pso.oepc_rmo.oepc.yml	true				
pthread-wmm/mix053_tso.oepc.yml	true				
pthread-wmm/mix054_power.oepc_power.opt_pso.oepc_rmo.oepc.yml	true				
pthread-wmm/mix054_pso.opt_rmo.opt_tso.oepc_tso.opt.yml	true				
pthread-wmm/mix055.opt.yml	true				
pthread-wmm/mix055_power.oepc_pso.oepc_rmo.oepc.yml	true				
pthread-wmm/mix055_tso.oepc.yml	true				
pthread-wmm/mix056_power.oepc_pso.oepc_rmo.oepc.yml	true				
pthread-wmm/mix056_power.opt_pso.opt_rmo.opt_tso.oepc_tso.opt.yml	true				
pthread-wmm/mix057_power.oepc_pso.oepc_rmo.oepc.yml	true				
pthread-wmm/mix057_power.opt_pso.opt_rmo.opt_tso.oepc_tso.opt.yml	true				
pthread-wmm/rfi000_power.oepc_pso.oepc_rmo.oepc.yml	true				
pthread-wmm/rfi000_power.opt_pso.opt_rmo.opt.yml	true				
pthread-wmm/rfi000_tso.yml	true				
pthread-wmm/rfi001_power.oepc_pso.oepc_rmo.oepc.yml	true				
pthread-wmm/rfi001_power.opt_pso.opt_rmo.opt_tso.oepc_tso.opt.yml	true				
pthread-wmm/rfi002_power.oepc_power.opt_pso.oepc_pso.opt_rmo.oepc_rmo.opt.yml	true				
pthread-wmm/rfi002_tso.yml	true				
pthread-wmm/rfi003_power.oepc_power.opt_pso.oepc_pso.opt_rmo.oepc_rmo.opt.yml	true				
pthread-wmm/rfi003_tso.yml	true				
pthread-wmm/rfi004.yml	true				
pthread-wmm/rfi005.yml	true				
pthread-wmm/rfi006_power.oepc.yml	true				
pthread-wmm/rfi006_power.opt.yml	true				
pthread-wmm/rfi006_pso.oepc_pso.opt_tso.oepc_tso.opt.yml	true				
pthread-wmm/rfi006_rmo.yml	true				
pthread-wmm/rfi007_power.oepc_power.opt_pso.oepc_pso.opt_rmo.oepc_rmo.opt.yml	true				
pthread-wmm/rfi007_tso.yml	true				
pthread-wmm/rfi008.oepc.yml	true				
pthread-wmm/rfi008.opt.yml	true				
pthread-wmm/rfi009_power.oepc.yml	true				
pthread-wmm/rfi009_power.opt_pso.oepc_pso.opt_rmo.opt_tso.oepc_tso.opt.yml	true				
pthread-wmm/rfi009_rmo.oepc.yml	true				
pthread-wmm/rfi010.yml	true				
pthread-wmm/safe000_power.oepc.yml	true				
pthread-wmm/safe000_power.opt.yml	true				
pthread-wmm/safe000_pso.oepc_pso.opt_tso.oepc_tso.opt.yml	true				
pthread-wmm/safe000_rmo.yml	true				
pthread-wmm/safe001_power.oepc.yml	true				
pthread-wmm/safe001_power.opt_pso.oepc_pso.opt_rmo.opt.yml	true				
pthread-wmm/safe001_rmo.oepc.yml	true				
pthread-wmm/safe001_tso.yml	true				
pthread-wmm/safe002_power.oepc.yml	true				
pthread-wmm/safe002_power.opt_pso.oepc_pso.opt_rmo.opt.yml	true				
pthread-wmm/safe002_rmo.oepc.yml	true				
pthread-wmm/safe002_tso.yml	true				
pthread-wmm/safe003_power.oepc_pso.oepc_pso.opt_rmo.oepc_rmo.opt.yml	true				
pthread-wmm/safe003_power.opt.yml	true				
pthread-wmm/safe003_tso.yml	true				
pthread-wmm/safe004_power.oepc_pso.oepc_rmo.oepc.yml	true				
pthread-wmm/safe004_power.opt_pso.opt_rmo.opt.yml	true				
pthread-wmm/safe004_tso.yml	true				
pthread-wmm/safe005_power.oepc_power.opt_pso.oepc_pso.opt_rmo.oepc_rmo.opt.yml	true				
pthread-wmm/safe005_tso.yml	true				
pthread-wmm/safe006_power.oepc-thin000_power.oepc.yml	true				
pthread-wmm/safe006_power.opt-thin000_power.opt.yml	true				
pthread-wmm/safe006_pso.oepc_pso.opt_tso.oepc_tso.opt-thin000_pso.oepc_pso.opt_tso.oepc_tso.opt.yml	true				
pthread-wmm/safe006_rmo.oepc_rmo.opt-thin000_rmo.oepc_rmo.opt.yml	true				
pthread-wmm/safe007_power.oepc-thin001_power.oepc.yml	true				
pthread-wmm/safe007_power.opt-thin001_power.opt.yml	true				
pthread-wmm/safe007_pso.oepc_pso.opt_tso.oepc_tso.opt-thin001_pso.oepc_pso.opt_tso.oepc_tso.opt.yml	true				
pthread-wmm/safe007_rmo.oepc_rmo.opt-thin001_rmo.oepc_rmo.opt.yml	true				
pthread-wmm/safe008_power.oepc_pso.oepc_pso.opt_rmo.oepc_rmo.opt.yml	true				
pthread-wmm/safe008_power.opt.yml	true				
pthread-wmm/safe008_tso.yml	true				
pthread-wmm/safe009_power.oepc.yml	true				
pthread-wmm/safe009_power.opt.yml	true				
pthread-wmm/safe009_pso.oepc_pso.opt_tso.oepc_tso.opt.yml	true				
pthread-wmm/safe009_rmo.oepc.yml	true				
pthread-wmm/safe009_rmo.opt.yml	true				
pthread-wmm/safe010_power.oepc_power.opt_pso.oepc_pso.opt_rmo.oepc_rmo.opt.yml	true				
pthread-wmm/safe010_tso.yml	true				
pthread-wmm/safe011_power.oepc_pso.oepc_rmo.oepc_rmo.opt.yml	true				
pthread-wmm/safe011_power.opt_pso.opt.yml	true				
pthread-wmm/safe011_tso.yml	true				
pthread-wmm/safe012_power.oepc.yml	true				
pthread-wmm/safe012_power.opt.yml	true				
pthread-wmm/safe012_pso.oepc_pso.opt_rmo.opt.yml	true				
pthread-wmm/safe012_rmo.oepc.yml	true				
pthread-wmm/safe012_tso.yml	true				
pthread-wmm/safe013_power.oepc_power.opt_pso.oepc_pso.opt_rmo.oepc_rmo.opt.yml	true				
pthread-wmm/safe013_tso.yml	true				
pthread-wmm/safe014_power.oepc.yml	true				
pthread-wmm/safe014_power.opt.yml	true				
pthread-wmm/safe014_pso.oepc_pso.opt_tso.oepc_tso.opt.yml	true				
pthread-wmm/safe014_rmo.oepc.yml	true				
pthread-wmm/safe014_rmo.opt.yml	true				
pthread-wmm/safe015_power.oepc.yml	true				
pthread-wmm/safe015_power.opt.yml	true				
pthread-wmm/safe015_pso.oepc_pso.opt_tso.oepc_tso.opt.yml	true				
pthread-wmm/safe015_rmo.yml	true				
pthread-wmm/safe016_power.oepc.yml	true				
pthread-wmm/safe016_power.opt.yml	true				
pthread-wmm/safe016_pso.oepc_pso.opt_tso.oepc_tso.opt.yml	true				
pthread-wmm/safe016_rmo.oepc.yml	true				
pthread-wmm/safe016_rmo.opt.yml	true				
pthread-wmm/safe017_power.oepc_power.opt_pso.oepc_pso.opt_rmo.oepc_rmo.opt.yml	true				
pthread-wmm/safe017_tso.yml	true				
pthread-wmm/safe018_power.oepc.yml	true				
pthread-wmm/safe018_power.opt.yml	true				
pthread-wmm/safe018_pso.oepc_pso.opt_tso.oepc_tso.opt.yml	true				
pthread-wmm/safe018_rmo.oepc.yml	true				
pthread-wmm/safe018_rmo.opt.yml	true				
pthread-wmm/safe019_power.oepc.yml	true				
pthread-wmm/safe019_power.opt.yml	true				
pthread-wmm/safe019_pso.oepc_pso.opt_tso.oepc_tso.opt.yml	true				
pthread-wmm/safe019_rmo.oepc.yml	true				
pthread-wmm/safe019_rmo.opt.yml	true				
pthread-wmm/safe020_power.yml	true				
pthread-wmm/safe020_pso.oepc_pso.opt_tso.oepc_tso.opt.yml	true				
pthread-wmm/safe020_rmo.yml	true				
pthread-wmm/safe021_power.oepc_pso.oepc_rmo.oepc_rmo.opt.yml	true				
pthread-wmm/safe021_power.opt_pso.opt.yml	true				
pthread-wmm/safe021_tso.yml	true				
pthread-wmm/safe022_power.oepc_power.opt_pso.oepc_pso.opt_rmo.oepc_rmo.opt.yml	true				
pthread-wmm/safe022_tso.yml	true				
pthread-wmm/safe023_power.oepc_power.opt_pso.oepc_pso.opt_rmo.oepc_rmo.opt.yml	true				
pthread-wmm/safe023_tso.yml	true				
pthread-wmm/safe024_power.oepc_power.opt_pso.oepc_pso.opt_rmo.oepc_rmo.opt.yml	true				
pthread-wmm/safe024_tso.yml	true				
pthread-wmm/safe025_power.yml	true				
pthread-wmm/safe025_pso.oepc_pso.opt_tso.oepc_tso.opt.yml	true				
pthread-wmm/safe025_rmo.yml	true				
pthread-wmm/safe026_power.oepc_power.opt_pso.oepc_pso.opt_rmo.oepc_rmo.opt.yml	true				
pthread-wmm/safe026_tso.yml	true				
pthread-wmm/safe027_power.oepc.yml	true				
pthread-wmm/safe027_power.opt.yml	true				
pthread-wmm/safe027_pso.oepc_pso.opt_tso.oepc_tso.opt.yml	true				
pthread-wmm/safe027_rmo.yml	true				
pthread-wmm/safe028_power.yml	true				
pthread-wmm/safe028_pso.oepc_pso.opt_tso.oepc_tso.opt.yml	true				
pthread-wmm/safe028_rmo.yml	true				
pthread-wmm/safe029_power.oepc_pso.oepc_rmo.oepc.yml	true				
pthread-wmm/safe029_power.opt_pso.opt_rmo.opt.yml	true				
pthread-wmm/safe029_tso.yml	true				
pthread-wmm/safe030_power.oepc_pso.oepc_rmo.oepc.yml	true				
pthread-wmm/safe030_power.opt_pso.opt_rmo.opt.yml	true				
pthread-wmm/safe030_tso.yml	true				
pthread-wmm/safe031_power.oepc_pso.oepc_rmo.oepc.yml	true				
pthread-wmm/safe031_power.opt_pso.opt_rmo.opt.yml	true				
pthread-wmm/safe031_tso.yml	true				
pthread-wmm/safe032_power.oepc_power.opt_pso.oepc_pso.opt_rmo.oepc_rmo.opt.yml	true				
pthread-wmm/safe032_tso.yml	true				
pthread-wmm/safe033_power.oepc_power.opt_pso.oepc_pso.opt_rmo.oepc_rmo.opt.yml	true				
pthread-wmm/safe033_tso.yml	true				
pthread-wmm/safe034_power.oepc_power.opt_pso.oepc_pso.opt_rmo.oepc_rmo.opt.yml	true				
pthread-wmm/safe034_tso.yml	true				
pthread-wmm/safe035_power.yml	true				
pthread-wmm/safe035_pso.oepc_pso.opt_rmo.oepc_rmo.opt_tso.oepc_tso.opt.yml	true				
pthread-wmm/safe036.yml	true				
pthread-wmm/safe037.yml	true				
pthread-wmm/thin002_power.oepc.yml	true				
pthread-wmm/thin002_power.opt.yml	true				
pthread-wmm/thin002_pso.oepc_pso.opt_tso.oepc_tso.opt.yml	true				
pthread-wmm/thin002_rmo.yml	true				
pthread-lit/fk2012.yml	false				
pthread-lit/fkp2013-1.yml	false				
pthread-lit/fkp2013-2.yml	false				
pthread-lit/fkp2013_variant-1.yml	false				
pthread-lit/fkp2013_variant-2.yml	false				
pthread-lit/fkp2014.yml	false				
pthread-lit/qw2004-1.yml	false				
pthread-lit/qw2004-2.yml	false				
pthread-lit/qw2004-2b.yml	true				
pthread-lit/qw2004_variant.yml	false				
pthread-lit/sssc12.yml	true				
pthread-lit/sssc12_variant.yml	true				
ldv-races/race-1_1-join.yml	true				
ldv-races/race-1_2-join.yml	true				
ldv-races/race-1_2b-join.yml	false				
ldv-races/race-1_3-join.yml	true				
ldv-races/race-1_3b-join.yml	false				
ldv-races/race-2_1-container_of.yml	true				
ldv-races/race-2_2-container_of.yml	true				
ldv-races/race-2_2b-container_of.yml	false				
ldv-races/race-2_3-container_of.yml	true				
ldv-races/race-2_3b-container_of.yml	false				
ldv-races/race-2_4-container_of.yml	true				
ldv-races/race-2_4b-container_of.yml	false				
ldv-races/race-2_5-container_of.yml	true				
ldv-races/race-2_5b-container_of.yml	false				
ldv-races/race-3_1-container_of-global.yml	true				
ldv-races/race-3_2-container_of-global.yml	true				
ldv-races/race-3_2b-container_of-global.yml	false				
ldv-races/race-4_1-thread_local_vars.yml	true				
ldv-races/race-4_2-thread_local_vars.yml	false				
ldv-linux-3.14-races/linux-3.14--drivers--media--platform--marvell-ccic--cafe_ccic.ko.cil-1.yml	true				
ldv-linux-3.14-races/linux-3.14--drivers--media--platform--marvell-ccic--cafe_ccic.ko.cil-2.yml	true				
ldv-linux-3.14-races/linux-3.14--drivers--net--irda--nsc-ircc.ko.cil.yml	true				
ldv-linux-3.14-races/linux-3.14--drivers--net--irda--w83977af_ir.ko.cil.yml	true				
ldv-linux-3.14-races/linux-3.14--drivers--spi--spi-tegra20-slink.ko.cil.yml	true				
ldv-linux-3.14-races/linux-3.14--drivers--usb--misc--adutux.ko.cil.yml	true				
pthread-complex/bounded_buffer.yml	true				
pthread-complex/elimination_backoff_stack-race.yml	false				
pthread-complex/elimination_backoff_stack.yml	true				
pthread-complex/safestack_relacy.yml	true				
pthread-complex/safestack_relacy_racy.yml	false				
pthread-complex/workstealqueue_mutex-1.yml	false				
pthread-complex/workstealqueue_mutex-2.yml	true				
pthread-driver-races/char_generic_nvram_nvram_unlocked_ioctl_write_nvram.yml	true				
pthread-driver-races/char_generic_nvram_read_nvram_nvram_unlocked_ioctl.yml	true				
pthread-driver-races/char_generic_nvram_read_nvram_write_nvram-race.yml	false				
pthread-driver-races/char_generic_nvram_read_nvram_write_nvram.yml	true				
pthread-driver-races/char_pc8736x_gpio_pc8736x_gpio_change_pc8736x_gpio_configure.yml	true				
pthread-driver-races/char_pc8736x_gpio_pc8736x_gpio_change_pc8736x_gpio_current-race.yml	false				
pthread-driver-races/char_pc8736x_gpio_pc8736x_gpio_change_pc8736x_gpio_current.yml	true				
pthread-driver-races/char_pc8736x_gpio_pc8736x_gpio_change_pc8736x_gpio_get.yml	true				
pthread-driver-races/char_pc8736x_gpio_pc8736x_gpio_change_pc8736x_gpio_set-race.yml	false				
pthread-driver-races/char_pc8736x_gpio_pc8736x_gpio_change_pc8736x_gpio_set.yml	true				
pthread-driver-races/char_pc8736x_gpio_pc8736x_gpio_configure_pc8736x_gpio_current.yml	true				
pthread-driver-races/char_pc8736x_gpio_pc8736x_gpio_configure_pc8736x_gpio_get.yml	true				
pthread-driver-races/char_pc8736x_gpio_pc8736x_gpio_configure_pc8736x_gpio_set.yml	true				
pthread-driver-races/char_pc8736x_gpio_pc8736x_gpio_current_pc8736x_gpio_get.yml	true				
pthread-driver-races/char_pc8736x_gpio_pc8736x_gpio_current_pc8736x_gpio_set-race.yml	false				
pthread-driver-races/char_pc8736x_gpio_pc8736x_gpio_current_pc8736x_gpio_set.yml	true				
pthread-driver-races/char_pc8736x_gpio_pc8736x_gpio_get_pc8736x_gpio_set.yml	true				
pthread-driver-races/char_pc8736x_gpio_pc8736x_gpio_open_pc8736x_gpio_change.yml	true				
pthread-driver-races/char_pc8736x_gpio_pc8736x_gpio_open_pc8736x_gpio_configure.yml	true				
pthread-driver-races/char_pc8736x_gpio_pc8736x_gpio_open_pc8736x_gpio_current.yml	true				
pthread-driver-races/char_pc8736x_gpio_pc8736x_gpio_open_pc8736x_gpio_get.yml	true				
pthread-driver-races/char_pc8736x_gpio_pc8736x_gpio_open_pc8736x_gpio_set.yml	true				
pthread-C-DAC/pthread-demo-datarace-1.yml	true				
pthread-C-DAC/pthread-demo-datarace-2.yml	false				
pthread-C-DAC/pthread-demo-datarace-3.yml	true				
pthread-C-DAC/pthread-finding-k-matches.yml	true				
pthread-C-DAC/pthread-numerical-integration.yml	true				
pthread-divine/barrier_2t.yml	false				
pthread-divine/barrier_3t.yml	false				
pthread-divine/condvar.yml	false				
pthread-divine/condvar_spurious_wakeup.yml	false				
pthread-divine/divinefifo-bug_1w1r.yml	false				
pthread-divine/divinefifo_1w1r.yml	false				
pthread-divine/one_time_barrier_2t.yml	false				
pthread-divine/one_time_barrier_3t.yml	false				
pthread-divine/one_time_barrier_twice_2t.yml	false				
pthread-divine/one_time_barrier_twice_3t.yml	false				
pthread-divine/ring_1w1r-1.yml	false				
pthread-divine/ring_1w1r-2.yml	false				
pthread-divine/ring_2w1r-1.yml	false				
pthread-divine/ring_2w1r-2.yml	false				
pthread-divine/tls_basic.yml	true				
pthread-divine/tls_destructor_worker.yml	true				
pthread-nondet/nondet-array-1.yml	false				
pthread-nondet/nondet-array-2.yml	false				
pthread-nondet/nondet-loop-bound-1.yml	false				
pthread-nondet/nondet-loop-bound-2.yml	false				
pthread-nondet/nondet-loop-bound-variant-1.yml	false				
pthread-nondet/nondet-loop-bound-variant-2.yml	false				
goblint-regression/00-sanity_09-include.yml	false				
goblint-regression/02-base_24-malloc_races.yml	false				
goblint-regression/02-base_25-malloc_race_cp.yml	false				
goblint-regression/02-base_26-malloc_struct.yml	false				
goblint-regression/03-practical_07-nonterm.yml	false				
goblint-regression/03-practical_08-nonterm1.yml	false				
goblint-regression/03-practical_15-exit_problems.yml	false				
goblint-regression/04-mutex_01-simple_rc.yml	false				
goblint-regression/04-mutex_02-simple_nr.yml	true				
goblint-regression/04-mutex_03-munge_rc.yml	false				
goblint-regression/04-mutex_04-munge_nr.yml	true				
goblint-regression/04-mutex_05-lockfuns.yml	true				
goblint-regression/04-mutex_06-ps_rc.yml	false				
goblint-regression/04-mutex_07-ps_nr.yml	true				
goblint-regression/04-mutex_09-ptrmunge_rc.yml	false				
goblint-regression/04-mutex_10-ptrmunge_nr.yml	true				
goblint-regression/04-mutex_11-ptr_rc.yml	false				
goblint-regression/04-mutex_12-ptr_nr.yml	true				
goblint-regression/04-mutex_14-funarg_rc.yml	false				
goblint-regression/04-mutex_15-funarg_nr.yml	true				
goblint-regression/04-mutex_16-ps_add1_rc.yml	false				
goblint-regression/04-mutex_17-ps_add1_nr.yml	true				
goblint-regression/04-mutex_18-glob_guards.yml	true				
goblint-regression/04-mutex_19-call_by_ptr_rc.yml	false				
goblint-regression/04-mutex_20-stdfun_rc.yml	false				
goblint-regression/04-mutex_21-sound_base.yml	false				
goblint-regression/04-mutex_22-deref_read.yml	true				
goblint-regression/04-mutex_23-sound_unlock.yml	false				
goblint-regression/04-mutex_24-sound_lock.yml	false				
goblint-regression/04-mutex_25-single_acc.yml	false				
goblint-regression/04-mutex_27-base_rc.yml	false				
goblint-regression/04-mutex_28-base_nr.yml	true				
goblint-regression/04-mutex_35-trylock_rc.yml	false				
goblint-regression/04-mutex_36-trylock_nr.yml	true				
goblint-regression/04-mutex_37-indirect_rc.yml	false				
goblint-regression/04-mutex_38-indexing_malloc.yml	false				
goblint-regression/04-mutex_41-pt_rwlock.yml	true				
goblint-regression/04-mutex_42-trylock_2mutex.yml	true				
goblint-regression/04-mutex_43-thread_create_nr.yml	true				
goblint-regression/04-mutex_44-malloc_sound.yml	false				
goblint-regression/04-mutex_45-escape_rc.yml	false				
goblint-regression/04-mutex_46-escape_nr.yml	true				
goblint-regression/04-mutex_47-fun_write.yml	false				
goblint-regression/04-mutex_50-funptr_rc.yml	false				
goblint-regression/04-mutex_51-mutex_ptr.yml	true				
goblint-regression/04-mutex_54-pt_rwlock_ww.yml	true				
goblint-regression/04-mutex_55-pt_rwlock_rr.yml	false				
goblint-regression/05-lval_ls_01-idx_rc.yml	false				
goblint-regression/05-lval_ls_02-idx_nr.yml	true				
goblint-regression/05-lval_ls_03-fld_rc.yml	false				
goblint-regression/05-lval_ls_04-fld_nr.yml	true				
goblint-regression/05-lval_ls_05-glob_idx_rc.yml	false				
goblint-regression/05-lval_ls_07-glob_fld_rc.yml	false				
goblint-regression/05-lval_ls_08-glob_fld_2_rc.yml	false				
goblint-regression/05-lval_ls_09-idxsense_rc.yml	false				
goblint-regression/05-lval_ls_11-fldsense_rc.yml	false				
goblint-regression/05-lval_ls_12-fldsense_nr.yml	true				
goblint-regression/05-lval_ls_13-idxunknown_lock.yml	false				
goblint-regression/05-lval_ls_14-idxunknown_access.yml	false				
goblint-regression/05-lval_ls_15-fldunknown_access.yml	false				
goblint-regression/05-lval_ls_16-idxunknown_unlock.yml	false				
goblint-regression/06-symbeq_02-funloop_norace.yml	true				
goblint-regression/06-symbeq_03-funloop_simple.yml	false				
goblint-regression/06-symbeq_04-funloop_hard1.yml	false				
goblint-regression/06-symbeq_05-funloop_hard2.yml	true				
goblint-regression/06-symbeq_06-tricky_address1.yml	true				
goblint-regression/06-symbeq_07-tricky_address2.yml	true				
goblint-regression/06-symbeq_08-tricky_address3.yml	true				
goblint-regression/06-symbeq_09-tricky_address4.yml	false				
goblint-regression/06-symbeq_10-equ_rc.yml	false				
goblint-regression/06-symbeq_11-equ_nr.yml	true				
goblint-regression/06-symbeq_13-equ_proc_nr.yml	true				
goblint-regression/06-symbeq_14-list_entry_rc.yml	true				
goblint-regression/06-symbeq_15-list_entry_nr.yml	true				
goblint-regression/06-symbeq_23-idxsense_nr.yml	true				
goblint-regression/09-regions_01-list_rc.yml	false				
goblint-regression/09-regions_02-list_nr.yml	true				
goblint-regression/09-regions_03-list2_rc.yml	false				
goblint-regression/09-regions_04-list2_nr.yml	true				
goblint-regression/09-regions_05-ptra_rc.yml	false				
goblint-regression/09-regions_06-ptra_nr.yml	true				
goblint-regression/09-regions_09-arraylist.yml	true				
goblint-regression/09-regions_10-arraylist_rc.yml	false				
goblint-regression/09-regions_11-arraylist_nr.yml	true				
goblint-regression/09-regions_12-arraycollapse_rc.yml	true				
goblint-regression/09-regions_13-arraycollapse_nr.yml	true				
goblint-regression/09-regions_16-arrayloop_rc.yml	false				
goblint-regression/09-regions_17-arrayloop_nr.yml	true				
goblint-regression/09-regions_18-nested_rc.yml	false				
goblint-regression/09-regions_19-nested_nr.yml	true				
goblint-regression/09-regions_20-arrayloop2_rc.yml	false				
goblint-regression/09-regions_21-arrayloop2_nr.yml	true				
goblint-regression/09-regions_22-nocollapse.yml	true				
goblint-regression/09-regions_23-evilcollapse_rc.yml	false				
goblint-regression/09-regions_24-evilcollapse_nr.yml	true				
goblint-regression/09-regions_26-alloc_region_rc.yml	false				
goblint-regression/09-regions_28-list2alloc.yml	false				
goblint-regression/10-synch_01-thread_unique.yml	true				
goblint-regression/10-synch_02-thread_nonunique.yml	false				
goblint-regression/10-synch_03-two_unique.yml	true				
goblint-regression/13-privatized_01-priv_nr_true.yml	true				
goblint-regression/13-privatized_03-priv_inv.yml	true				
goblint-regression/13-privatized_04-priv_multi_true.yml	true				
goblint-regression/13-privatized_18-first-reads_true.yml	true				
goblint-regression/13-privatized_18-first-reads_unknown_1_neg.yml	true				
goblint-regression/13-privatized_18-first-reads_unknown_1_pos.yml	true				
goblint-regression/13-privatized_18-first-reads_unknown_2_neg.yml	true				
goblint-regression/13-privatized_18-first-reads_unknown_2_pos.yml	true				
goblint-regression/13-privatized_19-publish-precision_true.yml	true				
goblint-regression/13-privatized_19-publish-precision_unknown_1_neg.yml	true				
goblint-regression/13-privatized_19-publish-precision_unknown_1_pos.yml	true				
goblint-regression/13-privatized_19-publish-precision_unknown_2_neg.yml	true				
goblint-regression/13-privatized_19-publish-precision_unknown_2_pos.yml	true				
goblint-regression/13-privatized_20-publish-regression_true.yml	true				
goblint-regression/13-privatized_24-multiple-protecting_true.yml	true				
goblint-regression/13-privatized_25-struct_nr_true.yml	true				
goblint-regression/13-privatized_27-multiple-protecting2_true.yml	true				
goblint-regression/13-privatized_29-multiple-protecting2-vesal_true.yml	true				
goblint-regression/13-privatized_30-traces-oplus-vs-meet_true.yml	true				
goblint-regression/13-privatized_31-traces-mine-vs-mutex_true.yml	true				
goblint-regression/13-privatized_32-traces-mine-vs-oplus-vs-meet_true.yml	true				
goblint-regression/13-privatized_33-traces-v-matters_true.yml	true				
goblint-regression/13-privatized_34-traces-minepp-L-needs-to-be-um_true.yml	true				
goblint-regression/13-privatized_35-traces-ex-2_true.yml	true				
goblint-regression/13-privatized_36-traces-ex-3_true.yml	true				
goblint-regression/13-privatized_37-traces-ex-4_true.yml	true				
goblint-regression/13-privatized_38-traces-ex-4-switch_true.yml	true				
goblint-regression/13-privatized_40-traces-ex-6_true.yml	true				
goblint-regression/13-privatized_41-traces-ex-7_unknown_1_neg.yml	true				
goblint-regression/13-privatized_41-traces-ex-7_unknown_1_pos.yml	true				
goblint-regression/13-privatized_42-traces-ex-mini_true.yml	true				
goblint-regression/13-privatized_44-traces-mine2_true.yml	true				
goblint-regression/13-privatized_45-traces-per-global-and-current-lock-mine-incomparable_true.yml	true				
goblint-regression/13-privatized_46-refine-protected1_true.yml	true				
goblint-regression/13-privatized_47-refine-protected2_true.yml	true				
goblint-regression/13-privatized_52-refine-protected-loop2-small_true.yml	true				
goblint-regression/13-privatized_57-singlethreaded-unlock_true.yml	true				
goblint-regression/13-privatized_58-singlethreaded-lock_true.yml	true				
goblint-regression/13-privatized_66-mine-W-init_true.yml	true				
goblint-regression/13-privatized_67-pthread_cond_wait_true.yml	true				
goblint-regression/13-privatized_67-pthread_cond_wait_unknown_1_neg.yml	true				
goblint-regression/13-privatized_67-pthread_cond_wait_unknown_1_pos.yml	true				
goblint-regression/13-privatized_68-pfscan_protected_loop_minimal_interval_true.yml	true				
goblint-regression/13-privatized_69-refine-protected-loop-interval_true.yml	true				
goblint-regression/28-race_reach_01-simple_racing.yml	true				
goblint-regression/28-race_reach_02-simple_racefree.yml	true				
goblint-regression/28-race_reach_03-munge_racing.yml	true				
goblint-regression/28-race_reach_04-munge_racefree.yml	true				
goblint-regression/28-race_reach_05-lockfuns_racefree.yml	true				
goblint-regression/28-race_reach_06-cond_racing1.yml	true				
goblint-regression/28-race_reach_07-cond_racing2.yml	true				
goblint-regression/28-race_reach_08-cond_racefree.yml	true				
goblint-regression/28-race_reach_09-ptrmunge_racing.yml	true				
goblint-regression/28-race_reach_10-ptrmunge_racefree.yml	true				
goblint-regression/28-race_reach_11-ptr_racing.yml	true				
goblint-regression/28-race_reach_12-ptr_racefree.yml	true				
goblint-regression/28-race_reach_19-callback_racing.yml	true				
goblint-regression/28-race_reach_20-callback_racefree.yml	true				
goblint-regression/28-race_reach_21-deref_read_racing.yml	true				
goblint-regression/28-race_reach_22-deref_read_racefree.yml	true				
goblint-regression/28-race_reach_23-sound_unlock_racing.yml	true				
goblint-regression/28-race_reach_24-sound_lock_racing.yml	true				
goblint-regression/28-race_reach_27-funptr_racing.yml	true				
goblint-regression/28-race_reach_28-funptr_racefree.yml	true				
goblint-regression/28-race_reach_36-indirect_racefree.yml	true				
goblint-regression/28-race_reach_37-indirect_racing.yml	true				
goblint-regression/28-race_reach_40-trylock_racing.yml	true				
goblint-regression/28-race_reach_41-trylock_racefree.yml	true				
goblint-regression/28-race_reach_42-trylock2_racefree.yml	true				
goblint-regression/28-race_reach_45-escape_racing.yml	true				
goblint-regression/28-race_reach_46-escape_racefree.yml	true				
goblint-regression/28-race_reach_51-mutexptr_racefree.yml	true				
goblint-regression/28-race_reach_60-invariant_racefree.yml	true				
goblint-regression/28-race_reach_61-invariant_racing-2.yml	false				
goblint-regression/28-race_reach_61-invariant_racing.yml	true				
goblint-regression/28-race_reach_70-funloop_racefree.yml	true				
goblint-regression/28-race_reach_71-funloop_racing.yml	true				
goblint-regression/28-race_reach_72-funloop_hard_racing.yml	true				
goblint-regression/28-race_reach_73-funloop_hard_racefree.yml	true				
goblint-regression/28-race_reach_74-tricky_address1_racefree.yml	true				
goblint-regression/28-race_reach_75-tricky_address2_racefree.yml	true				
goblint-regression/28-race_reach_76-tricky_address3_racefree.yml	true				
goblint-regression/28-race_reach_77-tricky_address4_racing.yml	true				
goblint-regression/28-race_reach_78-equ_racing.yml	true				
goblint-regression/28-race_reach_79-equ_racefree.yml	true				
goblint-regression/28-race_reach_81-list_racing.yml	true				
goblint-regression/28-race_reach_82-list_racefree.yml	true				
goblint-regression/28-race_reach_83-list2_racing1.yml	true				
goblint-regression/28-race_reach_84-list2_racing2.yml	true				
goblint-regression/28-race_reach_85-list2_racefree.yml	true				
goblint-regression/28-race_reach_86-lists_racing.yml	true				
goblint-regression/28-race_reach_87-lists_racefree.yml	true				
goblint-regression/28-race_reach_90-arrayloop2_racing.yml	true				
goblint-regression/28-race_reach_91-arrayloop2_racefree.yml	true				
goblint-regression/28-race_reach_92-evilcollapse_racing.yml	true				
goblint-regression/28-race_reach_93-evilcollapse_racefree.yml	true				
goblint-regression/28-race_reach_94-alloc_region_racing.yml	true				
goblint-regression/36-apron_11-traces-max-simple_true.yml	true				
goblint-regression/36-apron_16-traces-unprot2_true.yml	true				
goblint-regression/36-apron_17-traces-rpb-litmus_unknown_1_neg.yml	true				
goblint-regression/36-apron_17-traces-rpb-litmus_unknown_1_pos.yml	true				
goblint-regression/36-apron_21-traces-cluster-based_true.yml	true				
goblint-regression/36-apron_22-traces-write-centered-vs-meet-mutex_true_no-overflow.yml	true				
goblint-regression/36-apron_41-threadenter-no-locals_unknown_1_neg.yml	true				
goblint-regression/36-apron_41-threadenter-no-locals_unknown_1_pos.yml	true				
weaver/array-eq-symm.wvr.yml	true				
weaver/array-eq-trans.wvr.yml	true				
weaver/bench-exp1x3.wvr.yml	true				
weaver/bench-exp2x3.wvr.yml	true				
weaver/bench-exp2x4.wvr.yml	true				
weaver/bench-exp2x6.wvr.yml	true				
weaver/bench-exp2x9.wvr.yml	true				
weaver/bench-exp3x3-opt.wvr.yml	true				
weaver/bench-exp3x3.wvr.yml	true				
weaver/chl-array-int-subst.wvr.yml	true				
weaver/chl-array-int-symm.wvr.yml	true				
weaver/chl-array-int-trans.wvr.yml	true				
weaver/chl-chromosome-opt-symm.wvr.yml	true				
weaver/chl-chromosome-subst.wvr.yml	true				
weaver/chl-chromosome-symm.wvr.yml	true				
weaver/chl-chromosome-trans.wvr.yml	true				
weaver/chl-collitem-subst.wvr.yml	true				
weaver/chl-collitem-symm.wvr.yml	true				
weaver/chl-collitem-trans.wvr.yml	true				
weaver/chl-exp-term-subst.wvr.yml	true				
weaver/chl-exp-term-symm.wvr.yml	true				
weaver/chl-file-item-subst.wvr.yml	true				
weaver/chl-file-item-symm.wvr.yml	true				
weaver/chl-file-item-trans.wvr.yml	true				
weaver/chl-match-subst.wvr.yml	true				
weaver/chl-match-symm.wvr.yml	true				
weaver/chl-match-trans.wvr.yml	true				
weaver/chl-name-comparator-subst.wvr.yml	true				
weaver/chl-name-comparator-symm.wvr.yml	true				
weaver/chl-name-comparator-trans.wvr.yml	true				
weaver/chl-node-subst.wvr.yml	true				
weaver/chl-node-symm.wvr.yml	true				
weaver/chl-node-trans.wvr.yml	true				
weaver/chl-nzb-file-subst.wvr.yml	true				
weaver/chl-nzb-file-symm.wvr.yml	true				
weaver/chl-nzb-file-trans.wvr.yml	true				
weaver/chl-poker-hand-subst.wvr.yml	true				
weaver/chl-poker-hand-symm.wvr.yml	true				
weaver/chl-poker-hand-trans.wvr.yml	true				
weaver/chl-simpl-str-subst.wvr.yml	true				
weaver/chl-simpl-str-symm.wvr.yml	true				
weaver/chl-simpl-str-trans.wvr.yml	true				
weaver/chl-sre-subst.wvr.yml	true				
weaver/chl-sre-symm.wvr.yml	true				
weaver/chl-sre-trans.wvr.yml	true				
weaver/chl-time-subst.wvr.yml	true				
weaver/chl-time-symm.wvr.yml	true				
weaver/chl-time-trans.wvr.yml	true				
weaver/chl-word-subst.wvr.yml	true				
weaver/chl-word-symm.wvr.yml	true				
weaver/chl-word-trans.wvr.yml	true				
weaver/clever.wvr.yml	true				
weaver/fibonacci.wvr.yml	true				
weaver/loop-tiling-eq.wvr.yml	true				
weaver/mult-comm.wvr.yml	true				
weaver/mult-dist.wvr.yml	true				
weaver/mult-flipped-dist.wvr.yml	true				
weaver/parallel-bakery-2.wvr.yml	true				
weaver/parallel-bakery-3.wvr.yml	true				
weaver/parallel-bakery-4.wvr.yml	true				
weaver/parallel-barrier-loop.wvr.yml	true				
weaver/parallel-barrier.wvr.yml	true				
weaver/parallel-bluetooth.wvr.yml	true				
weaver/parallel-lamport.wvr.yml	true				
weaver/parallel-min-max-1.wvr.yml	true				
weaver/parallel-misc-1.wvr.yml	true				
weaver/parallel-misc-2-unrolled-atomic.wvr.yml	true				
weaver/parallel-misc-2-unrolled.wvr.yml	true				
weaver/parallel-misc-2.wvr.yml	true				
weaver/parallel-misc-3-extended.wvr.yml	true				
weaver/parallel-misc-3.wvr.yml	true				
weaver/parallel-misc-4.wvr.yml	true				
weaver/parallel-misc-5.wvr.yml	true				
weaver/parallel-parallel-sum-1-dsl.wvr.yml	true				
weaver/parallel-parallel-sum-1.wvr.yml	true				
weaver/parallel-parallel-sum-2.wvr.yml	true				
weaver/parallel-parallel-sum-equiv.wvr.yml	true				
weaver/parallel-simple-equiv.wvr.yml	true				
weaver/parallel-ticket-2.wvr.yml	true				
weaver/parallel-ticket-3.wvr.yml	true				
weaver/parallel-ticket-4.wvr.yml	true				
weaver/parallel-ticket-5.wvr.yml	true				
weaver/parallel-ticket-6.wvr.yml	true				
weaver/parallel-ticket-7.wvr.yml	true				
weaver/parallel-ticket-8.wvr.yml	true				
weaver/popl20-bad-buffer-mult-alt.wvr.yml	true				
weaver/popl20-bad-buffer-mult-alt2.wvr.yml	true				
weaver/popl20-bad-buffer-mult-alt3.wvr.yml	true				
weaver/popl20-bad-commit-1.wvr-bad.yml	true				
weaver/popl20-bad-commit-2.wvr-bad.yml	true				
weaver/popl20-bad-counter-queue.wvr.yml	true				
weaver/popl20-bad-counter-queue2.wvr.yml	true				
weaver/popl20-bad-dot-product-alt.wvr.yml	true				
weaver/popl20-bad-dot-product.wvr.yml	true				
weaver/popl20-bad-ring-nondet.wvr.yml	true				
weaver/popl20-bad-ring.wvr.yml	true				
weaver/popl20-bad-threaded-sum-2.wvr.yml	true				
weaver/popl20-bad-three-array-sum-alt.wvr.yml	true				
weaver/popl20-channel-sum.wvr.yml	true				
weaver/popl20-commit-1.wvr.yml	true				
weaver/popl20-commit-2.wvr.yml	true				
weaver/popl20-counter-determinism.wvr.yml	true				
weaver/popl20-counter-fun.wvr.yml	true				
weaver/popl20-difference-det.wvr.yml	true				
weaver/popl20-figure1-alt.wvr.yml	true				
weaver/popl20-figure1.wvr.yml	true				
weaver/popl20-figure3.wvr.yml	true				
weaver/popl20-horseshoe.wvr.yml	true				
weaver/popl20-min-max-dec.wvr.yml	true				
weaver/popl20-min-max-inc-dec.wvr.yml	true				
weaver/popl20-min-max-inc.wvr.yml	true				
weaver/popl20-more-array-sum-alt.wvr.yml	true				
weaver/popl20-more-array-sum-alt2.wvr.yml	true				
weaver/popl20-more-array-sum.wvr.yml	true				
weaver/popl20-more-array-sum2.wvr.yml	true				
weaver/popl20-more-buffer-mult.wvr.yml	true				
weaver/popl20-more-buffer-mult2.wvr.yml	true				
weaver/popl20-more-buffer-mult3.wvr.yml	true				
weaver/popl20-more-buffer-series.wvr.yml	true				
weaver/popl20-more-buffer-series2.wvr.yml	true				
weaver/popl20-more-buffer-series3.wvr.yml	true				
weaver/popl20-more-dec-subseq.wvr.yml	true				
weaver/popl20-more-inc-subseq.wvr.yml	true				
weaver/popl20-more-max-array-hom.wvr.yml	true				
weaver/popl20-more-max-array.wvr.yml	true				
weaver/popl20-more-min-array-hom.wvr.yml	true				
weaver/popl20-more-min-array.wvr.yml	true				
weaver/popl20-more-min-le-max.wvr.yml	true				
weaver/popl20-more-mts.wvr.yml	true				
weaver/popl20-more-multiply-verify.wvr.yml	true				
weaver/popl20-more-nonblocking-counter-alt2.wvr.yml	true				
weaver/popl20-more-parray-copy.wvr.yml	false				
weaver/popl20-more-queue-add-2-nl.wvr.yml	true				
weaver/popl20-more-queue-add-3-nl.wvr.yml	true				
weaver/popl20-more-sorted.wvr.yml	true				
weaver/popl20-more-sum-array-hom.wvr.yml	true				
weaver/popl20-more-vector-add.wvr.yml	true				
weaver/popl20-mult-4.wvr.yml	true				
weaver/popl20-mult-equiv.wvr.yml	true				
weaver/popl20-nonblocking-cntr-alt.wvr.yml	true				
weaver/popl20-nonblocking-cntr.wvr.yml	true				
weaver/popl20-prod-cons-eq.wvr.yml	true				
weaver/popl20-prod-cons.wvr.yml	true				
weaver/popl20-prod-cons3.wvr.yml	true				
weaver/popl20-proofs-counter-add-4-semi-Q67.wvr.yml	true				
weaver/popl20-queue-add-2.wvr.yml	true				
weaver/popl20-queue-add-3.wvr.yml	true				
weaver/popl20-send-receive-alt.wvr.yml	true				
weaver/popl20-send-receive.wvr.yml	true				
weaver/popl20-simple-array-sum.wvr.yml	true				
weaver/popl20-simple-queue.wvr.yml	true				
weaver/popl20-threaded-sum-3.wvr.yml	true				
weaver/popl20-three-array-max.wvr.yml	true				
weaver/popl20-three-array-min.wvr.yml	true				
weaver/popl20-three-array-sum.wvr.yml	true				
weaver/popl20-two-queue.wvr.yml	true				
weaver/security.wvr.yml	true				
weaver/spaghetti.wvr.yml	true				
weaver/test-context1.wvr.yml	true				
weaver/test-easy1.wvr.yml	true				
weaver/test-easy10.wvr.yml	true				
weaver/test-easy11.wvr.yml	true				
weaver/test-easy6.wvr.yml	true				
weaver/test-easy7.wvr.yml	true				
weaver/test-easy8.wvr.yml	true				
weaver/test-hard1.wvr.yml	true				
weaver/test-semi1.wvr.yml	true				
weaver/unroll-2.wvr.yml	true				
weaver/unroll-3.wvr.yml	true				
weaver/unroll-4.wvr.yml	true				
weaver/unroll-5.wvr.yml	true				
weaver/unroll-cond-2.wvr.yml	true				
weaver/unroll-cond-3.wvr.yml	true				
weaver/unroll-cond-4.wvr.yml	true				
weaver/unroll-cond-5.wvr.yml	true				
pthread-deagle/airline-10.yml	false				
pthread-deagle/airline-15.yml	false				
pthread-deagle/airline-20.yml	false				
pthread-deagle/airline-25.yml	false				
pthread-deagle/airline-5.yml	false				
pthread-deagle/arithmetic_prog_bad.yml	true				
pthread-deagle/arithmetic_prog_ok.yml	true				
pthread-deagle/circular_buffer_bad.yml	true				
pthread-deagle/circular_buffer_ok.yml	true				
pthread-deagle/floating_read-10.yml	false				
pthread-deagle/floating_read-15.yml	false				
pthread-deagle/floating_read-20.yml	false				
pthread-deagle/floating_read-25.yml	false				
pthread-deagle/floating_read-5.yml	false				
pthread-deagle/reorder_c11_bad-10.yml	false				
pthread-deagle/reorder_c11_bad-20.yml	false				
pthread-deagle/reorder_c11_bad-30.yml	false				
pthread-deagle/reorder_c11_bad-40.yml	false				
pthread-deagle/reorder_c11_bad-50.yml	false				
pthread-deagle/reorder_c11_good-10.yml	false				
pthread-deagle/reorder_c11_good-20.yml	false				
pthread-deagle/reorder_c11_good-30.yml	false				
pthread-deagle/reorder_c11_good-40.yml	false				
pthread-deagle/reorder_c11_good-50.yml	false				
pthread-race-challenges/atomic-gcc.yml	true				
pthread-race-challenges/per-thread-array-index-race-2.yml	false				
pthread-race-challenges/per-thread-array-index-race.yml	false				
pthread-race-challenges/per-thread-array-index.yml	true				
pthread-race-challenges/per-thread-array-init-race.yml	false				
pthread-race-challenges/per-thread-array-init.yml	true				
pthread-race-challenges/per-thread-array-join-counter-2.yml	true				
pthread-race-challenges/per-thread-array-join-counter-race-2.yml	false				
pthread-race-challenges/per-thread-array-join-counter-race-3.yml	false				
pthread-race-challenges/per-thread-array-join-counter-race-4.yml	false				
pthread-race-challenges/per-thread-array-join-counter-race.yml	false				
pthread-race-challenges/per-thread-array-join-counter.yml	true				
pthread-race-challenges/per-thread-array-ptr-race.yml	false				
pthread-race-challenges/per-thread-array-ptr.yml	true				
pthread-race-challenges/per-thread-index-bitmask-race-2.yml	false				
pthread-race-challenges/per-thread-index-bitmask-race-3.yml	false				
pthread-race-challenges/per-thread-index-bitmask-race.yml	false				
pthread-race-challenges/per-thread-index-bitmask.yml	true				
pthread-race-challenges/per-thread-index-inc-race-2.yml	false				
pthread-race-challenges/per-thread-index-inc-race.yml	false				
pthread-race-challenges/per-thread-index-inc.yml	true				
pthread-race-challenges/per-thread-struct-in-array-race.yml	false				
pthread-race-challenges/per-thread-struct-in-array.yml	true				
pthread-race-challenges/per-thread-struct-race.yml	false				
pthread-race-challenges/per-thread-struct-tid-join.yml	true				
pthread-race-challenges/per-thread-struct-tid.yml	true				
pthread-race-challenges/per-thread-struct.yml	true				
pthread-race-challenges/semaphore-posix-race-2.yml	false				
pthread-race-challenges/semaphore-posix-race.yml	false				
pthread-race-challenges/semaphore-posix.yml	true				
pthread-race-challenges/thread-join-array-const-race-2.yml	false				
pthread-race-challenges/thread-join-array-const-race-3.yml	false				
pthread-race-challenges/thread-join-array-const-race.yml	false				
pthread-race-challenges/thread-join-array-const.yml	true				
pthread-race-challenges/thread-join-array-dynamic-race-2.yml	false				
pthread-race-challenges/thread-join-array-dynamic-race-3.yml	false				
pthread-race-challenges/thread-join-array-dynamic-race.yml	false				
pthread-race-challenges/thread-join-array-dynamic.yml	true				
pthread-race-challenges/thread-join-binomial-race-2.yml	false				
pthread-race-challenges/thread-join-binomial-race-3.yml	false				
pthread-race-challenges/thread-join-binomial-race.yml	false				
pthread-race-challenges/thread-join-binomial.yml	true				
pthread-race-challenges/thread-join-counter-inner-2.yml	true				
pthread-race-challenges/thread-join-counter-inner-3.yml	true				
pthread-race-challenges/thread-join-counter-inner-race-2.yml	false				
pthread-race-challenges/thread-join-counter-inner-race-3.yml	false				
pthread-race-challenges/thread-join-counter-inner-race-4.yml	false				
pthread-race-challenges/thread-join-counter-inner-race-5.yml	false				
pthread-race-challenges/thread-join-counter-inner-race.yml	false				
pthread-race-challenges/thread-join-counter-inner.yml	true				
pthread-race-challenges/thread-join-counter-outer-race-2.yml	false				
pthread-race-challenges/thread-join-counter-outer-race-3.yml	false				
pthread-race-challenges/thread-join-counter-outer-race-4.yml	false				
pthread-race-challenges/thread-join-counter-outer-race.yml	false				
pthread-race-challenges/thread-join-counter-outer.yml	true				
pthread-race-challenges/thread-local-pthread-value-cond.yml	true				
pthread-race-challenges/thread-local-pthread-value.yml	true				
pthread-race-challenges/thread-local-value-cond.yml	true				
pthread-race-challenges/thread-local-value-dynamic.yml	true				
pthread-race-challenges/thread-local-value-race.yml	false				
pthread-race-challenges/thread-local-value.yml	true				
pthread-race-challenges/value-barrier-race.yml	false				
pthread-race-challenges/value-barrier.yml	true				
libvsync/arraylock.yml	true				
libvsync/bounded_mpmc_check_full.yml	true				
libvsync/bounded_spsc.yml	false				
libvsync/caslock.yml	false				
libvsync/cnalock.yml	true				
libvsync/hclhlock.yml	true				
libvsync/hemlock.yml	false				
libvsync/hmcslock.yml	true				
libvsync/mcslock.yml	true				
libvsync/rec_mcslock.yml	true				
libvsync/rec_spinlock.yml	false				
libvsync/rec_ticketlock.yml	true				
libvsync/rwlock.yml	true				
libvsync/semaphore.yml	true				
libvsync/ticketlock.yml	true				
libvsync/ttaslock.yml	true				
libvsync/twalock.yml	false				
pthread-theta/exponential-4.yml	true				
pthread-theta/exponential-64.yml	true				
pthread-theta/exponential-nondet.yml	true				
pthread-theta/unwind1-1.yml	true				
pthread-theta/unwind1-100.yml	true				
pthread-theta/unwind1-nondet.yml	true				
pthread-theta/unwind2-1.yml	true				
pthread-theta/unwind2-100.yml	true				
pthread-theta/unwind2-nondet.yml	true				
pthread-theta/unwind3-1.yml	true				
pthread-theta/unwind3-100.yml	true				
pthread-theta/unwind3-nondet.yml	true				
pthread-theta/wsc.yml	true				
